﻿<?xml version="1.0" encoding="utf-8"?><bwFonts xmlns:xsi="http://www.w3.org/2001/XMLSchema-instance" xmlns:xsd="http://www.w3.org/2001/XMLSchema" fontfactoryurl="story_content/FontFactory.swf"><font id="00" name="Century GothicBold Charset1_ 67cnUvkvuVF"><glyphs><g i="0" c="384" charCode="89" p="%^Nw2esA2eNDuk6H2eJK2euFdouF$v2C$v2Cdo" /><g i="1" c="385" charCode="111" p="#^WDniOFnisHjj6Jfk1KTlZKunZKlpZKer1KTs5JvuuHqvTFlwXDlw4Blw2zju1xhs1xnp1xfmjzbkjBniWDni^_DwlqCwloBBmmAGnmAmpmA5rnBaspCftZDftxFftzGasCH4rCHmpCHFnAGBmzFwl_Dwl" /><g i="2" c="386" charCode="117" p="#^GxJi%2BJi%2B7p2B_qiBJrzBrs7CRsICftxDftmEftXESsxFssPFHr0G6r0Gep%0GJi%lJJi%lJlolJQrOI6t7IGuPGwvwFlwvDlwjBlwYznvCyou3yEsGxrrGxfo" /><g i="3" c="387" charCode="32" p="#" /><g i="4" c="388" charCode="109" p="#^FxJi%_AJi%_AfkRBijTCRiWDni9FnipGnipH_ipIBj0JMkPJBjZK_i7MnivNniVOni_P1j3RHjxRLk$RPl$Rco%$R$v%EO$v%EOgpEO$m4OcmwNploMplyLplSKUlbKnmSJfnxJ6oxJ$p%xJ$v%aG$v%aGzpaGNnVF_mEFbm6FOlBEplRDpl0DplkCVlFBomjBhn_Aao_A5q%_A$v%Fx$v" /><g i="5" c="389" charCode="115" p="#^PFAk%LDEmvColtBolWAolBADlhASlhAdmhAumuAJmHAXmtBkn%ICXnDEUolFUp3GTq3Gcs3GZtME9vtDlwhBlwnylwEw3u%HyQrhzws3AXsRAmtsBmt6CmtwC2tWCJsWCjsWCyrtBPq%lAfq7xDo7xbm7xCkkyvjyznirBniKCniTDYi0FwjPFAk" /><g i="6" c="390" charCode="116" p="%^4yQdpBQdpBJioDJioDBlpBBlpB$v4y$v4yBlnwBlnwJi4yJi" /><g i="7" c="391" charCode="99" p="#^HKol%VHWm7H6mmGOlBFtlAEtlICtlyBBmoAInoAspoA8rvBdsDCitqEitGGitWHMr%yKztpIlwwElw$Alw0zgu1xbs1xpp1xun$xSlZyekHAjjqCnizEnixGni6IajHJYjHKol" /><g i="8" c="392" charCode="112" p="#^$AJi%$AbkVBhjYCQi$DnibFniOHniCJlkqLjmqLopqLlsyJluGHlw5FlwYDlwYCXvZBxv$ABu%$ASA%HxSA%HxJi^vEslWCslUBxmSACnSAlpSA6rUBcsWCitvEit0Git2Hbs5I4r5Ilp5IEn3Hym2GslvEsl" /><g i="9" c="393" charCode="108" p="%^jxBdEABdEA$vjx$v" /><g i="10" c="394" charCode="101" p="#^_Kkq%hAkqwAKrwBAsxCpt5EptYFptiH6s%6Kqt3JWuBHEv7Glw6Elw$Alw1znu3xps3xrp3xom0zok_AniXDni3Hni1Jok$Kom$KHp^FHInkHBmlGUlnFbl5EblICblEBZl_AtmqAIn" /><g i="11" c="395" charCode="104" p="#^IxBd%0BBd%0B3k_BdjZCOiZDni_EniYGnijILjtJWktJdn%tJ$v%bG$v%bGaqbGSnZF2nLFemdFQlHEqlVDqlUCql9C5mrBMm9BWn0Bxo0BFq%0B$v%Ix$v" /><g i="12" c="396" charCode="113" p="#^uHJi%PKJi%PKSA%uHSA%uHBuwGxvxFXvyElwpDlwQAlwYylu4xls4xop4xjmUylkIAnijDnivEniyFQiBGhjuHbk^_DslrCslqBympAEnpAlppA4rrBbsuCit$DitzFitBGcsDH6rDHlpDHCnBGxmzFsl_Dsl" /><g i="13" c="397" charCode="105" p="#^_yfdSzfduAUd6Bwe6Bqf6BjguAYgTzAh$yAh6yAhuxXgSwigSwnfSwvetxTd5yfd_yfd^jxJi%EAJi%EA$v%jx$v" /><g i="14" c="398" charCode="110" p="#^HxJi%0BJi%0B4k9C7j3DLi_DniYEniXGnijILjtJWktJdn%tJ$v%aG$v%aGbqaGOnYF0nLFemdFQlHEqlVDqlUCql9C6mrBNm9BZn0BBo0BGq%0B$v%Hx$v" /><g i="15" c="399" charCode="98" p="#^$ABd%$AbkVBhjYCQi$DnibFniOHniCJlkqLjmqLopqLlsyJluGHlw5FlwYDlwYCXvZBxv$ABu%$A$v%Hx$v%HxBd^vEslWCslUBxmSACnSAlpSA6rUBcsWCitvEit0Git2Hbs5I4r5Ilp5IEn3Hym2GslvEsl" /><g i="16" c="400" charCode="102" p="#^5wJi%hxJiix6gmxDfvxxehyUd4zfdwAfdyBfdSCKd%SCgg8C3gGB3g5B3gPAjgDAugDA3h%CAJi%JCJi%JCxl%CAxl%CA$v%hx$v%hxxl%5wxl" /><g i="17" c="401" charCode="114" p="#^VwJi%MzJi%MzokeApj$AUiMBniGCnikDni1EJi%$CBlpCil1CilgBilKAfmcAcncA_p%dADq%dA$v%Vw$v" /><g i="18" c="403" charCode="103" p="#^uHJi%PKJi%PK5uPKtxsJ2zEHcB_DcB1CcBHAJAmzeAryhzxxly5x_w%MA_wfByx0CQxOC6yRD6ybF6y$FHxPGhx8HDwuHZvuHmuCGevEFDvHE$vtD$vOA$vYy4u6x8s6xbp6x1m3z6kQAnihDniqEnirFOisGdjuHbk^1EultCulrBymqABnqAcpqASqtBWrwC_s5E_sEF_sEGYrFHVqFHdpFHznEGxmEFul1Eul" /><g i="19" c="404" charCode="46" p="#^vzwsiAwsSA4tqBDtqBquqBdvSANviAlwvzlwJylw9yNvBxdvBxquBxDt9y4tJywsvzws" /><g i="20" c="405" charCode="69" p="%^3y2eSH2eSHohsBohsBEkSHEkSHWnsBWnsBEsSHEsSH$v3y$v" /><g i="21" c="406" charCode="121" p="%^cwJiCzJi2D1rRGJihKJiZBSAwySAfB$u" /><g i="22" c="407" charCode="97" p="#^uHJi%PKJi%PK$v%uH$v%uHBuwGxvxFXvyElwpDlwQAlwYylu4xls4xop4xjmUylkIAnijDnivEniyFQiBGhjuHbk^_DslrCslqBympAEnpAlppA4rrBbsuCit$DitzFitBGcsDH6rDHlpDHCnBGxmzFsl_Dsl" /><g i="23" c="408" charCode="100" p="#^uHBd%PKBd%PK$v%uH$v%uHBuwGxvxFXvyElwpDlwQAlwYylu4xls4xop4xjmUylkIAnijDnivEniyFQiBGhjuHbk^_DslrCslqBympAEnpAlppA4rrBbsuCit$DitzFitBGcsDH6rDHlpDHCnBGxmzFsl_Dsl" /><g i="24" c="409" charCode="119" p="%^dwJitzJi9Chq1FJi1HJiRJbqwMJiNPJiYK$vQI$v$Fro5D$v$A$v" /><g i="25" c="410" charCode="58" p="#^vzniiAniSAXiqBvjqBikqB4lSAEliAcmvzcmJycm9yFlBx5lBxikBxvj9yXiJynivzni^vzwsiAwsSA4tqBDtqBquqBdvSANviAlwvzlwJylw9yNvBxdvBxquBxDt9y4tJywsvzws" /><g i="26" c="411" charCode="87" p="%^Hw2e1A2eDCvpRF2eGI2eXLvpxO2eTR2eRN$vyK$vfHok_D$vLA$v" /><g i="27" c="412" charCode="107" p="%^IxBd1BBd1BcoXFJi5KJipE3pPK$vGG$v1BTp1B$vIx$v" /><g i="28" c="413" charCode="63" p="#^rAGi%exGicxjgRyNetAfd8DfdSEfd3GUdhHwe$HJfKIVgKIeiKIYivIFjgIlkMH4ltHvlmGwmiFun1FUnMEhoAEXooEBplEMq%1BMq%0Bdq0BAoCBfndCVlzDKkSEBj7FajpFKipFaipFohLERg6Eig$CigUBigaBZgsADhrAGi^LC9sED9sgEMsUEntUEfuUE6vgEKvEDlwMClwUBlwgBKvFA6vFAfuFAntgBMsTB9sLC9s" /><g i="29" c="414" charCode="83" p="#^uHug%YEJiCDSgeCSgzBSg7BdhIAAhIA1iIAui0BUiqBqjwDbltFQmUFgnWGjomHgpOHdqOHmrOHAtgG0vKEswhCswmAswXywvwxAuvwzs%nzQqGActmCcteDctQDHsrEasrEvrrEUq_DhqxDGp_Bqo3z1mcyKklxqjlx8ilxggMyXebABdhCBdDDBdREde3GReuHug" /><g i="30" c="415" charCode="67" p="#^zOch%aMujKJVgGGVg6EVglCGiAAqkAA$mAAOomBbq8CArzDns$EatKGateIatsJDsHK3saMBq%uO0tvMYuJKIvYIswHGswvCswQzOt9x8r9x$m9xjknydiBz7gSBSe7EBdKGBdYIBd0Lxe4NtfzOch" /><g i="31" c="416" charCode="71" p="#^DOZg%dMmjXJXgUGXgfEXgsCIiGAskGAZmGAApwCornEbt6HbtTIbt4KrsiLHr2M5q%RG5q%RGUm%TPUm%VPEnVP$pHO7stNeuxLlvBJswZGswbEsw_BfvOz1uwyNrfxxpfxXmfxnjCzKgpCBdTGBddJBdfLse_MbfDOZg" /><g i="32" c="417" charCode="66" p="#^2y$v%2y2e%TA2ekD2etEme5GOe2HYf$H6h$HHi$HJjzHzk7Hol8G7mNHUmxI2oiJbpiJMqiJhswIxtKHMuvGovgF$v4D$v^tBjh%tB5l%dC5ltD5l4EAkHE2kHE8jHEii6EPhxDjhmCjh^tB8o%tBKs%kCKssEKsbFcsXFFrXFEqXFup3FPocE8oaC8o" /><g i="33" c="418" charCode="79" p="#^xGBdlKBd4NmgQP6jQP4nQP0r7NKtqKswyGswwCswQzFt9xSq9x0n9xrkpyhiFz7gQBSe0EBdxGBd^uGXg_DXghCGiAApkAA4nAA2qJCNroE8tyG8t_I8tHKorpMDppM2npMukGKJiYIXguGXg" /><g i="34" c="419" charCode="91" p="%^3yBdqDBdqDHgrBHgrBMxqDMxqDSA3ySA" /><g i="35" c="420" charCode="93" p="%^YBSABwSABwMxAyMxAyHgBwHgBwBdYBBd" /><g i="36" c="421" charCode="76" p="%^2y2etB2etBKssGKssG$v2y$v" /><g i="37" c="422" charCode="85" p="#^Wx2e%mB2e%mBFpmB9rCBNrTBosuCMs5D8tXD8tRE8tuFKs8GjsoGGrEG1rEGep%EG2e%4K2e%4KLo4KtrMJwstJztCIyuLHwvDG_vvFsw0Esw3CswCAzvazFuyyjtWxZrWxLo" /><g i="38" c="423" charCode="84" p="%^hw2ecG2ecGqhXCqhXC$vtz$vtzqhhwqh" /><g i="39" c="424" charCode="45" p="%^8yRnlERnlEXq8yXq" /><g i="40" c="425" charCode="70" p="%^5y2e0H2e0HnhuBnhuBEk0HEk0HWnuBWnuB$v5y$v" /><g i="41" c="426" charCode="118" p="%^fwJiGzJi$CzqlGJiJJJi4E$vWB$v" /><g i="42" c="427" charCode="120" p="%^vwJimAJi_ClmCFJiqJJiVEZo$J$v7G$vZCErQz$v0w$v3B0p" /><g i="43" c="428" charCode="82" p="#^hy2e%VB2eUE2e9GAeqH6fbIlgYIAhYIfjYI1l5IdmfHpnyF0o%NJ$v%2G$v%0Coo%IBoo%IB$v%hy$v^IB3l%NC3lpE3l0FEkEFckEFdjEFDikFbi1FLhwEzh$DnhECnh%IBnh" /><g i="44" c="429" charCode="75" p="%^4y2exB2exBdkoG2evK2eeE3m7L$v3H$vxB$nxB$v4y$v" /><g i="45" c="430" charCode="65" p="%^wD2e$G2eVN$vlK$vXIisCBis9A$vBw$v^hFPiTCZoGHZo" /><g i="46" c="431" charCode="77" p="%^Rz2e7D2ehHzqvL2eQO2eQR$vwO$vBMFkOI$vMF$v$BFk$z$vHw$v" /><g i="47" c="432" charCode="73" p="%^Px2ecB2ecB$vPx$v" /><g i="48" c="433" charCode="78" p="%^3y2ekB2e2JSp2J2etM2etM$vbJ$vuBdkuB$v3y$v" /><g i="49" c="434" charCode="80" p="#^1y2e%FB2eBE2eUFBecH7fYHlgIIzhIIfjII8lJHomKGDn2F6o3EoosBoo%sB$v%1y$v^sB3l%xC3lPD3ljETkPEHk5FgkoFRjoFfjoFciBEKh$DnhqCnh%sBnh" /><g i="50" c="435" charCode="122" p="%^7xJiiHJijBbtYGbtYG$vcw$vcCxl7xxl" /><g i="51" c="436" charCode="48" p="#^XCBdVEBdkGzeLHwfwIvhiJujiJ1niJCqvIBsJHAuoGwv3Fsw2Dsw0BswEzwvgyAuuxFsIwKqIwcnIwfiey1gWzBdXCBd^1DRg9CRguBphQAYhtAjj7AFk7Ahn7AHqWA_rKBht1DhtgEht_E2sTFzqTF3nTFxj4FbihERg1DRg" /><g i="52" c="437" charCode="50" p="#^lARj%0xRj9xXgRygfxABdbDBdQEBd4GhekHZe4IhgQIAhQIWiQIwkWHmm0HcoBEJq%ACRs%ZIRs%ZI$v%xw$v%xwmu%5CIo6EGmMErlrFbkrFbjrF9iKEuh2EOgZCOgSBOg7BDhoArilARj" /><g i="53" c="438" charCode="52" p="%^jEBdIHBdIH9piJ9piJjsIHjsIH$vmE$vmEjswwjsww9p^mE9pmE8jfA9p" /><g i="54" c="439" charCode="54" p="#^fDBd%9G2f%0D9liF9lUGOmvIqovISqvIctSGQudFswUCswtAswRyMuex4texUqex3quxdpKxnoEyEm^QCooTBoodB4pAAMpAAOqAARrfBysXBftRCftNDfttEzs9FSr9FOq9FMpuE4pQDooQCoo" /><g i="55" c="440" charCode="56" p="#^HGgmVH2nzIhoeJvpeJXqeJussIPtHH7vnGOv3Fsw2DswTAswAzPviyavxxTtMwzsMwXqMwwpnxmo$xbnezgmqysl0yxkCxCjCxAiCxahhy1gZyTebAeepBBd0DBdAEBdNFfe_GUeGH4gmIghmIDimIBj$HqkEHelHGgm^UCUg3CUgwBshZA$hZASiZAJjxBjk6CUkYCUkQDUknEkkXELjXERiXEZhnErhPDUgUCUg^1D5oOB5oYARo6ABp6ADq6AJrVAtsIBdt$CdtjEdt4FwsSFPrSFIqSFBp2FRofE5o1D5o" /><g i="56" c="441" charCode="49" p="%^7A2eeF2eeF$vRB$vRBfh8yfh" /><g i="57" c="442" charCode="55" p="%^vx2ehJ2ehJRfaBswiy3v1Ffhvxfh" /><g i="58" c="443" charCode="53" p="#^bA2e%AI2e%AIch%KCch%$BtkjCnkBClkUCik9DikBFikcHZlQIDnQIeqQISs1HFufFswHCswpAswLy9v6xRtBwAr%bAArBAqsgBSsYBhtMChtVDhtHEtsuFEruFmquF6pLEjo0EwnZCwnpCwnSBOnjB4oOAEo%0y0o" /><g i="59" c="444" charCode="51" p="#^LAti%txtiJxugUyhfxABd0DBddFBdJG$edIpgdIkidIwjzHwkVGvlFF6miHBmdIPn8J1p8JGq8J5tmHNuAFswPCswcAswyyTuVwhtLwzq%7AzqlAYr5BEsRBjt$CjtbEjtZEysMFNrMFFqMFrpIECoEDMnEBKn%EBOkTCIkuDqk5E7kqEDjME7jMEziMERhfEmhKDTgVCTgaCTgzBkhZAMhLAti" /><g i="60" c="445" charCode="57" p="#^LCsw%Rz0v%_CUoIAUo5zgnvxDlvxcjvxRg8zdfNABd6DBdxFBd8HhfMIZgMI9jMI_jwIQkgIFlmHpn^aDFl7EFlMEZkqFgkqFfjqFciKEvh3EOg9DOgdCOgxBvhRAbiRAejRAgkvBZkaCFlaDFl" /><g i="61" c="446" charCode="81" p="#^sNnt%AQqx%xMqx%XKnvZIswyGswwCswQzGt9xTq9x0n9xrkpyhiFz7gQBSe0EBdwGBdlKBd4NmgQP6jQP4nQPKqsNnt^jLDqpM$opM2npMvkGKJiYIXgvGXg_DXghCGiAApkAA4nAA2qJCNrpE8txG8tLH8tQIGs%DFxo%IJxo" /><g i="62" c="447" charCode="37" p="#^wMfd%_Ofd%KAdx%gydx%tK3gmJfgoIlgqHqgBGqgLFqgPElg4Fbh4FUh4FGjRDWkCCamQAam1zamMxXkwwHjwwVhwwMg4xNfExOeFyceGzBdHABdrBBdMCUd7FoeWGoeyIoeXJ6elLPdwMfd^OAPfXzPfkzqgKy1hKyThKyKikzljXzYjOAYjFBYjfCljSCKiSCThSC0hfCqgFBPfOAPf^IMVntOVnJPap_Qqq_Qcs_QZtJPevtOuwIMuwWKuwGJevqIZtqIcsqIqqGJapWKVnIMVn^IM7qQL7qdLKqDKlrDKbsDK2tdLFtQLguIMguzNgu9OFtMO2tMObsMOlr9OKqzN7qIM7q" /><g i="63" c="448" charCode="47" p="%^xwczCExdZGxdUycz" /><g i="64" c="449" charCode="68" p="#^3y2e%6C2e1G2eWH0fQJ_f3LaiiMmkiMhniMlpCL5rWKQsIJ_tuI7v3HzvFF$vaC$v%3y$v^sBlh%sBGs%2DGsoFGsrG8svHBraIkqRI3pRIcnRIlkfHMiOFlhCClh" /><g i="65" c="450" charCode="44" p="%^hzDsGBPtFyZy_way" /></glyphs></font><font id="10" name="Century Gothic Charset1_ 6UVH2mIjQtv"><glyphs><g i="0" c="384" charCode="79" p="#^KGBdPKBdzNjgjQ1jjQ0njQYqzNItQKswTGswUCsw8AJtox_qox6noxwkEyjiUz5g2CRedEBdKGBd^PGlfQElf1DogfBqhfAbjfzXkfz5nfziqtBvsHDIuPGIuVIIuHKHttMGssNWqsO9psO0nsOTksN9jtMqhFKogRIlfPGlf" /><g i="1" c="385" charCode="75" p="%^by2e0A2e0AOkcH2eBJ2e_A6mhK$vSH$v0AFn0A$vby$v" /><g i="2" c="386" charCode="89" p="%^Mw2eRy2erDtlYH2e0K2ekEqnkE$vzC$vzCqn" /><g i="3" c="387" charCode="101" p="#^6JBr%yKlsRJLtVICu_HsvPGVvFFlwbElwXAlw5zdugx4sgxopgxTmPyUkNAni5EniuHniwJYkYKNm_Kvp%$yvp2zPruAitWBMu1EMu2FMu$FquZG3uEHutkIUs6JBr^6J0oMIFm6IRlsH0lnGwkiF0k6E0k8C0kKAglIzbmaz0o" /><g i="4" c="388" charCode="115" p="#^AE9k%uDil6CZjOAZjYzZjmzwkMy3lMyOlMysmfz1nLzEnjBroeDqpWDlqBEhrBErsBE4urDdviClwzAlwqzlwnyRvkxlvEwsu%Jxet1zJuvAJuxBJufC3uZCptZCvsZCNruCcr0CEqkANpxySoUxYnex2nexUlexnkgynjizniTAniJCniAE9k" /><g i="5" c="389" charCode="78" p="%^cy$vcy2eBy2eyKOryK2ejM2ejM$vVL$v3Aqi3A$v" /><g i="6" c="390" charCode="111" p="#^bEnigHnihJBk6LDm6Lop6LbsaJgueHlwbElw8BlwczgugxbsgxopgxEm5zCk6BnibEni^bE2k3C2kxADl$ycn$yrp$yTqHz7soAmtAB2uMCJubEJuCFJuOG2u_HmtGI7snJTqnJrpnJcnQHDliG2kbE2k" /><g i="7" c="391" charCode="70" p="%^by2ebH2ebHPf_zPf_zrlbHrlbHcn_zcn_z$vby$v" /><g i="8" c="392" charCode="97" p="#^8LJi%8L$v%sJ$v%sJJtnI1v1HHvIFlw7ElwiBlwiziujxfsjxkpjxsmkzqklBniaEniPFni7H4jsIMjsJ9l%sJJi^jE0kUC0kGBJktAqlLzHm2zYn2znp2zNqMz3suAltHB3uVCMuiEMuIFMuYG3ucIltTI8szJXqzJqpzJ6n2IzlxG0kjE0k" /><g i="9" c="393" charCode="109" p="#^UxJi%BzJi%Bz0luALjqB9jJCni9Eni7Fni_FLiSG7jpHMjYHokmIzldJ$jvKbjNLnifNniDOniGP4jKQMjfR0lMRfmMRLo%MR$v%0Q$v%0QLo0QCmIPPlpP0lGOxkXN1kVM1kGL1kEKMkCJvl7JJmFIXnFIOq%FI$v%YG$v%YGcpYGOmFGXlmG3lCFykSE1kQD1kFC1kCBLkAAsl4AGmBzTnBznq%Bz$v%Ux$v" /><g i="10" c="394" charCode="105" p="#^uyfd3zfdtzGdUz4eUzFeUzeftzFf3z3guy3gWx3gvxFf5xef5xFe5x4evxGdWxfduyfd^ExJi%lzJi%lz$v%Ex$v" /><g i="11" c="395" charCode="108" p="%^ExBdlzBdlz$vEx$v" /><g i="12" c="396" charCode="121" p="%^twJigyJiQCXshHJi5JJiaBSAmzSAXBYu" /><g i="13" c="397" charCode="32" p="#" /><g i="14" c="398" charCode="110" p="#^VxJi%CzJi%Cz5lEAKjTB3j7DniBEni4GnieH8joIUjXIaluJsmuJ9p%uJ$v%NH$v%NHGpNHnnBHCmiHhlsGDkCFYjfEYjICYjtB_kfA$lSzwnCzvoCz7r%Cz$v%Vx$v" /><g i="15" c="399" charCode="100" p="#^9LBd%9L$v%tJ$v%tJJtoI1v2HHvJFlw8ElwjBlwjziukxfskxkpkxsmlzqkmBnibEniQFni8H4jtIMjtJ9l%tJBd^kE0kVC0kHBJkuAqlMzHm3zYn3znp3zNqNz3svAltIB3uWCMujEMuJFMuZG3udIltUI8sAJXqAJqpAJ6n3IzlyG0kkE0k" /><g i="16" c="400" charCode="83" p="#^kwFs%SxKrtzIuABIuuCIuhDhu4EStuE9tVEssVEFrVELqiEUpsDHodB$mZyjlqyyktxhjtxPhtxEg1yGfByIeCz9eDABdQBBd5DBdbEeeiFSexGyg%3FFh3EjglDUfDCsfNBsfIAsf0A6gkzMgkzKhkzjizzTiPzqjtA3kPApkNCSl6FAnZFWoRGgqRGDrRGAtmF0vTDswLBsw6AswNyAvsxIukwFs" /><g i="17" c="401" charCode="112" p="#^WxJi%DzJi%Dz9lEAMjYB4jgDniUEniJHniKJqkLLsmLLkpLLfsLJiuMHlwXElwmDlw1CHvIA1vDzJt%DzSA%WxSA^ME0kyC0k1Bzlwz6nwzqpwzXqbA8sSAlt7C3uoDMuNEMu9GMumH3uAIltiJ3s0KNq0Knp0KYniJHmBIqloHJkbG0kME0k" /><g i="18" c="403" charCode="117" p="#^HxJi%ozJi%ozWoozbrEz2s$zgt1B_t3CHuvDHuXEHuWF$tWGjtjHbszHqrzHWo%zHJi%jJJi%jJepjJ_rGInt1IMuKGzvsFlwwDlwABlwgAzvZyMukymtHxYrHx6p" /><g i="19" c="404" charCode="114" p="#^gxJi%0zJi%0zFkOzwjFAYiwBnisCniaDniZDQi%4DgkyC1kaC1kkB1kxAKkLzrlkzVm0z2o0zvr%0z$v%gx$v" /><g i="20" c="405" charCode="116" p="%^ozNd5BNd5BJiODJiODck5Bck5B$voz$vozck3xck3xJiozJi" /><g i="21" c="406" charCode="118" p="%^EwJiryJiUCosjHJi8JJi3D$vLC$v" /><g i="22" c="407" charCode="84" p="%^pwPfpw2eeG2eeGPfeCPfeC$vpA$vpAPf" /><g i="23" c="408" charCode="103" p="#^mJJi%3LJi%3Lit3L5wAKoxVJdzeIcAAGcBfEcByCcBaBJAPzeAYyqz6yCyox1x%fz1x$zmycB_ypCDzaEDzWFDz7HZykIkyRIlxmJmwmJ9u%mJttoIHu$GlvCF$v2E$vcC$vBA5v_ybu5yFsdx6rdxgpdxqn7yQl2zekGAjjiCni5EniAFniSG$i9ICjmJ1l^jE0kSC0kCBJknAqlFzGmYyVnYylpYyxrpAZsTBoudEouzGou$H_srJzrrJfprJLnNIAm7IolVGIkIF0kjE0k" /><g i="24" c="409" charCode="67" p="#^VOmh%uNsijMXgGK9g1Jmf4HmfWEmf5DoggBqhfAajfzVkfz4nfzmqvBzsLDLubHLuYKLuuNOr%VOTszNAuyLwvyJsw4HswmCswEzjtmxGqmxWmmx_i7AigUCBd2HBdzJBdALBeCNAfVOmh" /><g i="25" c="410" charCode="102" p="#^nDBd%nDgfrCSeMBSegBSeXA3fCAgfwAxfrANfrAWg%rAJi%cDJi%cDck%rAck%qA$v%Jy$v%Jyck%Zwck%ZwJi%JyJi%JyEgJydf_yCefz$dTzDdvAfdoBfddCfdnDBd" /><g i="26" c="411" charCode="44" p="%^BzIsfButMy5yzxAx" /><g i="27" c="412" charCode="73" p="%^Wx2eJz2eJz$vWx$v" /><g i="28" c="413" charCode="99" p="#^OKtl%rJjmHH_jEE_jdC_jCAyl$y6n$ylp$yOqKz4suAltMB3u3DMuFEMuAHMurJrs%OKktRJMueIzvDGlwAElwqBlwlzlugxlsgxtpgxyneyUlczekVAjjCCniIEni1GnifHNiuIajlJQjcKtkOKtl" /><g i="29" c="414" charCode="104" p="#^VxBd%CzBd%Cz5lEAKjUB3j8DniBEni4GnieH8joIUjXIaluJrmuJ9p%uJ$v%NH$v%NHGpNHnnBHCmhHhlrGDkCFYjfEYjICYjtB_kfA$lSzwnCzvoCz7r%Cz$v%Vx$v" /><g i="30" c="415" charCode="107" p="%^UxBdBzBdBz3oMFJigIJiZA2pHI$vgG$vBz0qBz$vUx$v" /><g i="31" c="416" charCode="119" p="%^6wJiTxJiXBmsbGJivGJiLKmsVOJiGQJiWK$vBK$vlGum6C$vNB$v" /><g i="32" c="417" charCode="98" p="#^0y$v%0yBd%JzBd%Jz$kOAHj7C1jsDni1FniSHniRJqkRLtmRLopRLgsQJjuPHlw_ElwmDlw2CFvKAYuJzzt%Jz$v^SEIuhGIuuH$tHIitoJ1s6KLq6Klp6KWnoJEmGImlsHEkfGWjTEWjuDWjdCEkYAmlhAzmCzMnCzhpCzBr7B9tECIuSEIu" /><g i="33" c="418" charCode="113" p="#^7LJi%7LSA%rJSA%rJJtmI1v0HHvHFlw6ElwhBlwhziuixfsixkpixsmjzqkkBni9EniOFni6H4jrIMjrJ9l%rJJi^iE0kTC0kFBJksAqlKzHm1zYn1znp1zNqLz3stAltGB3uUCMuhEMuHFMuXG3ubIltSI8syJXqyJqpyJ6n1IzlwG0kiE0k" /><g i="34" c="419" charCode="77" p="%^nx$vWz2eeA2exHNsMO2e2P2eDR$vTP$v5O9jMH$vhH$vTA3j6z$v" /><g i="35" c="420" charCode="69" p="%^cy2evI2evIPf$zPf$zrlqIrlqIcn$zcn$zeuqIeuqI$vcy$v" /><g i="36" c="421" charCode="72" p="%^9y2eYz2eYzzl5Jzl5J2eUK2eUK$v5J$v5JknYzknYz$v9y$v" /><g i="37" c="422" charCode="80" p="#^ay2e%LB2eQE2eVFjerHHepITfoJ2hoJQioJDkrIOluHYmPFmnBEFnfBFn%ZzFn%Zz$v%ay$v^ZzPf%ZzUl%$CWlREWlIFBlzGgl2HwkxHMjxHRixHXh2HbhzGrgLF7gYEPf8DPf" /><g i="38" c="423" charCode="106" p="#^yyfd8zfdyzGdYz4eYzFeYzefyzFf8z3gyy3gYx3gyxFf8xef8xFe8x4eyxGdYxfdyyfd^IxJi%rzJi%rz$xrzGzQyrAeycBaxcBjwcBdvNA%dvfzVvCzswCz9xCzvx1zIxGyIxwx" /><g i="39" c="424" charCode="122" p="%^PwJiAGJi2zuukGuukG$v6w$vEDdkPwdk" /><g i="40" c="425" charCode="46" p="#^NzjtpAjtRALthBbuhBQuhBsvRAVvpAlwNzlw9zlwJyVvhysvhyQuhybuJyLt9zjtNzjt" /><g i="41" c="426" charCode="8217" p="#^eAik%izMjMzQiWzji4ANh9AYg%4zYg%4zBd%hBBd%hBHfhBgh3BaiSA3jeAik" /><g i="42" c="427" charCode="82" p="#^hy2e%SB2eRE2eVFiewHFewISfwJ3hwJQiwJikQIpl8IwmSG5nAFFnjDGn%MJ$v%xH$v%4BGn%4AGn%4A$v%hy$v^4APf%4AVl%aDXlZEXlQFBlHGflaHvkFHLjFHQiFHWh9HbhGGsgTF8g5FPffDPf" /><g i="43" c="428" charCode="66" p="#^ey2e%MB2eVD2e2FzecG3fSG6gxH9hxHrixHEjXGDkmGBleFcmEGHmoHkn8IZnzITo_INp_IRq_I0tpHwuQF$v9D$v%ey$v^$zPf%$zyl%1BylUCylMDclEESk9F6kGFmjGFriGFdhPEwgYDPf4CPf^$zmn%$zeu%dCeubEeu5FSt0GttzGFs7HQr7HTq7HHplGOozFVncEAnhDmn0Bmn" /><g i="44" c="429" charCode="40" p="#^KBfd%JDfdwCIfOB_i4Bfm4BKp4BYsDBYvaCXy7DcB%fBcBlA1zOz4wgz8tgzYpgzxmUzhjxA0gKBfd" /><g i="45" c="430" charCode="41" p="#^vzcB%wxcBJyLyqzuv8Acs8AJo8AvlBzwi3zwf6yfd%_zfdUAqfqBniYBjlYBvoYBWrkBbvIAryvzcB" /><g i="46" c="431" charCode="86" p="%^Pw2eMy2eJEXrMK2eJM2eVE$vwE$v" /><g i="47" c="432" charCode="85" p="#^fy2e%2A2e%2AUo2APq7AirfAmsKA4teBNteCgufDLuhELuaFLu_FnuPG$tmHktVHFs9IIrlI0rlIUo%lI2e%8K2e%8KUo8KirGJNscJfuNHmvnGswnEswcCswFAqv6znuAyGsfyDrfyUo" /><g i="48" c="433" charCode="45" p="%^OwwovDwovD$pOw$p" /><g i="49" c="434" charCode="76" p="%^by2e_z2e_zguUGguUG$vby$v" /><g i="50" c="435" charCode="51" p="#^hzdi%txdiZx_fozOePABdKCBd8EBdmFeeAGTeeHZfVH2hVHeiVHykBFVlUGqmJHrnUIToUIEqUIas4IzthHXuUFIvvEswMCswsAswUy7vlxNtTwbr%Eybr6zXsZzJt4BIuOCIuLEIuXFxt7Hms7HNq7HKpxGPoXFUnXErnYDZmSBSm%SBdl5Ddl5EOk6FmkzFHj1G0j1Gdi1G2h5Fcg9ElfJClfzBlfJA$fTzFghzdi" /><g i="51" c="436" charCode="65" p="%^wF2eUN$vXL$v7J5qoB5qBy$vBw$v4F2e^hFRhcCmolImo" /><g i="52" c="437" charCode="71" p="#^vP3h%6OniCMVgPK8g1JnfkHnfdFnfiDqgoBshlAejiz$kiz_miz0pnARqtBFsnDItiFLuBHLumKLugMbtbODryO7p%QI7p%QIon%zQonxQzr4O0uELswyHswzCswFz3tqxsqqx0nqxtkIyhi_z4gdCResEBdgHBdzJBdzLqeANefvP3h" /><g i="53" c="438" charCode="120" p="%^owJiryJi_BBnvFJiwHJi$C_o5I$v1G$vZBpqXx$vWv$vYA0p" /><g i="54" c="439" charCode="87" p="%^ax2e$y2eHC_qRH2ecI2ehN_q0R2eRS2eHN$vmN$v1IqiAC$vgC$v" /><g i="55" c="440" charCode="58" p="#^NznipAniRAPihBfjhBUjhBxkRAZkpAplNzpl9zplJyZkhyxkhyUjhygjJyQi9zniNzni^NzjtpAjtRALthBbuhBQuhBsvRAVvpAlwNzlw9zlwJyVvhysvhyQuhybuJyLt9zjtNzjt" /><g i="56" c="441" charCode="68" p="#^by$v%by2e%VB2eXF2eMHHenKCfRLThjN7kjNfnjNYp8M$r_K2u6J1vfH$vVD$v^Vziu%_BiuIFiu9HQtaJatkKtrvLLpvLhnvLHkeKRi_I$gKGkg2FPfaBPf%VzPf" /><g i="57" c="442" charCode="49" p="%^DA2e8E2e8E$vmC$vmCPfyzPf" /><g i="58" c="443" charCode="53" p="#^iI2e%iILf%XBLf%0BEkbCik7DikAFikaHXlMIAnMI9qMIWrXHpt7HTuJFGvkEswvCswjAswPy7vjxNt0xFr%SyFr3zHszzlt3A_tTAouIBNuCCNunENuEFrtWG5sWG4qWGgoMF8nDE$lIC$l7B$lSyZm%wA2e" /><g i="59" c="444" charCode="54" p="#^bFBd%GGye%OBUlMCAlDDAlNFAlgH7nMIGoMIWqMIts2IJtkHZu$FJvGEsw8DswFBswoALv7z1vpyKtHxrsHxYqHxSp7yFoAyrnKzJl^cD9nEB9nxAgorzmprzXqrzvsyACtFBIudDIuNEIuUFCt$Gvs$GXq$GmpUFgoNE9ncD9n" /><g i="60" c="445" charCode="52" p="%^FGBd0HBd0H7qbJ7qbJQr0HQr0H$veF$veFQrEwQr^eF7qeFziWz7q" /><g i="61" c="446" charCode="47" p="%^cGBdLyryTwrykEBd" /><g i="62" c="447" charCode="61" p="%^MJvjMJalpxalpxvj^MJToMJyqpxyqpxTo" /><g i="63" c="448" charCode="48" p="#^Nw1nNwujyxyhjyBfIzBe5BBdPCBdzEBdZFCeoHCfdIDh2JEj2J1n2JpqeIqsqHqu_FrvzEswPCsw5BswIztvkytuyxwsNwzqNw1n^uy3nuy6q1zGrAzdtDA1uHBQuTCQu4EQu6F2u9GftHGGrmHMpmH3nmHmkLGDi9GUg5F5g2EifTCifHBifDA5gAzUg1zsiuy0kuy3n" /><g i="64" c="449" charCode="57" p="#^OAsw%jzvv%bE9odDtomCtocAtoIyWmdxnldx7jdxAhXxkgFy4f_zlejBBdQCBdjEBdAFjeRG1fzHkghIDhhI5jhIckQHqloHDmfGko^MCUmlEUmrFOlxGHkxG7jxGzhqFtgkEmfLCmfbBmf4Atg_yzh_y7j_yHk5AOlcBUmMCUm" /><g i="65" c="450" charCode="37" p="#^TMfd%Mzex%9yex%5K1fZHyfVEyf%fExf$EAg$ELh$EqjQDLkGC3mLA3m_y3mMxRkzwCjzwShzwHg6xKfFxMeGybeHzBdLABdcBBdfCPdQD9eHF9e3H9egI_duJOdrLfd^NA8fFz8fTyXf5yJg5yQh5yXiTyJjFzvkNAvkUBvkGCJjtDXitDQhtDJgGCXfUB8fNA8f^CK4omM4oBNkpQOzqQOjsQO2uBNivmMxwCKxwSIxwDHivoG2uoGjsoGzqDHkpSI4oCK4o^CKDpuJDpIIpqWHbrWHjsWHqtIIcuuJ_uCK_uJL_uvMcuiNqtiNjsiNbrvMpqJLDpCKDp" /><g i="66" c="451" charCode="63" p="#^SzWi%4yWi6ysgyz1f$ABdqDBdPFBdaHPeyI0gyIOhyIFiaIojOH6k2HHkiGglpE0m1CZmxBqn0BVn0BAo0BhpIBRpoCpquDpqHEpqkFOp_Fap7GPn%VHPnQHRpEG_qtF6suD6swB6slA5raz3qazzoazQnuzanPzwmpA4m$AElDCZkgFVj$FmjKGQiKGQhKGMgRF1gYEifsDifDBifCAvgVzlhSzWi^pDjt1EjttELtVEbuVEQuVEsvtEVv1ElwpDlwNClwlCVvVBsvVBQuVBbulCLtNCjtpDjt" /><g i="67" c="452" charCode="50" p="#^UyGj%axGjfx0hYyjfFABd9DBdDFBd9HcfHIOgHIZiHIukYHQldH9n7Fsp%GAgu%XIgu%XI$v%Lw$v%BDBoHFmmjGhlXGbkXG$iXGuhPFogHEif2DifkBifbAsg2zBhUyGj" /><g i="68" c="453" charCode="8230" p="#^uIjt6JjtyJLt_Jbu_JQu_JsvyJVv6JlwuIlwSHlwqHVv_Gsv_GQu_GbuqHLtSHjtuIjt^9AjtNAjtdBLtFBbuFBQuFBsvdBVvNAlw9Alwxzlw5zVvFysvFyQuFybu5zLtxzjt9Ajt^PQjtqRjtSRLtjSbujSQujSsvSRVvqRlwPQlwbQlwLPVvjPsvjPQujPbuLPLtbQjtPQjt" /><g i="69" c="454" charCode="74" p="#^3E2e%SF2e%SFaqSFZsqF3u$E8v_DOvZCswxBswrAswnz1wkyCv2xyu%$x7tpz6ukAwuXANuxBNuiCNuWCkuzDStPD5t3Ejs3E6q" /><g i="70" c="455" charCode="56" p="#^CF8mqH2ncIdo$Inp$IRq$IWsEHwu_FswUCswWzswnyLuRw2tRw$qRwupExhosy4nlA8m0zslmyskIxrjIxhiIx6hpy$f6zTelAeeABBd0DBdqEBdCFfePGUeuH$faI6haIkiaIyjxHvkUGslCF8m^XClfsBlfuAdgwz4hwziiwzujzAskCBql$CqlUDqlGE_ktFykVFNjmG0jmGfimGahuFggCElfXClf^0D2n9B2nVzfoFyspFy2rFy2sbzWsKzOtHAhuFBLuWCLuTELu1GBtbHrsbHTqbHnpYFdoKE2n0D2n" /><g i="71" c="456" charCode="43" p="%^KCbmKCUgpEUgpEbmKJbmKJSnpESnpE9tKC9tKCSnpxSnpxbm" /><g i="72" c="457" charCode="38" p="#^MLmp%$MFqPLHrMKrsvL6tGMiuBNdvhO$v%NL$v%oJyt8HmvKFVvlEswNCswIAswrzgvby4ubyisbyYq1zCpTzfouCbm0BpkBAzjaAIiaAXhaABgdBJfpCHebEHejFHeeG8faHBfFHmg9I7h9IZh9ITiwHVjUGWk0Fvm%KHmp%wJarXK6qMLmp^VD9ldF8kTFajlGtilGXhlGjhKFSg7Fpg7Epg9DpgyCTgYBkhYBZhYBsicCUiOCWjVD9l^GDynoBgpGAhqZzirZzasZzbtQA_tIBMuZCMuWDMuQEnuhGLt8Igs%jFlpAEAoGDyn" /><g i="73" c="458" charCode="39" p="%^6zfjRxfjAxBdozBd" /><g i="74" c="459" charCode="8211" p="%^SvdoEIdoEIOpSvOp" /><g i="75" c="460" charCode="8221" p="#^NEik%RDMjjEQitEjiDENhIEYg%DDYg%DDBd%QFBd%QFHfQFghCFaipF3jNEik^mzik%qyMjUyQi2zjiczNhhzYg%cyYg%cyBd%pABd%pAHfpAghbAai_z3jmzik" /><g i="76" c="461" charCode="59" p="#^OzniqAniSAPiiBfjiBUjiBxkSAZkqAplOzplazplKyZkiyxkiyUjiygjKyQiazniOzni^BzIs%fBut%My5y%zxAx" /><g i="77" c="462" charCode="33" p="#^yABd%yAvr%Nyvr%NyBd^HzjtjAjtLALtbBbubBQubBsvLAVvjAlwHzlw3zlwDyVvbysvbyQubybuDyLt3zjtHzjt" /><g i="78" c="463" charCode="91" p="%^yzBdEDBdEDkffBkffBbzEDbzEDSAyzSA" /><g i="79" c="464" charCode="93" p="%^eBSA8xSA8x7zwz7zwzgf8xgf8xBdeBBd" /><g i="80" c="465" charCode="55" p="%^Nx2ebJ2eAzsw4yHvnGLfNxLf" /><g i="81" c="466" charCode="60" p="%^UJLrUJytgxQngxemUJugUJhiEz1n" /><g i="82" c="467" charCode="62" p="%^gxMrwH1ngxhigxugUJemUJPngxyt" /><g i="83" c="468" charCode="90" p="%^vxNfvx2eYG2eszeuAGeuAG$vHw$vfENf" /><g i="84" c="469" charCode="8220" p="#^wzBd%tA7e$z3fRzBfHz6gCzXg%HAXg%HAik%uyik%uyciuyDgHyKfVyQewzBd^XEBd%UF7eqF3fgFBf6F6g1FXg%6GXg%6Gik%VDik%VDciVDDg6EKfjEQeXEBd" /><g i="85" c="470" charCode="81" p="#^eN2u%VPqx%HNqx%SL5vFJswVGswVCsw9AJtqx_qqx6nqxwkGyiiXz4g5CRegEBdSGBdRKBdANkgkQ2jkQ1nkQ6pAPQqQOyseN2u^7MEstOmqtO0ntOTktN9juMqhGKogSIlfSGlfRElf3DnghBphhAajhzXkhz5nhziquBvsIDIuQGIuZIIuKKGt%JGBo%VIBo" /></glyphs></font><font id="20" name="Arial Charset1_ 5UxGrsmeVpK"><glyphs><g i="0" c="880" charCode="32" p="#" /><g i="1" c="881" charCode="89" p="#^ZC$v%ZCqo%4w5e%Yy5e%uCvjtD$kiEwm6F7lfGmj%KJ5e%uM5e%lFqo%lF$v" /><g i="2" c="882" charCode="111" p="#^QwwpQwVlQyakvAKiVCKiBFKihHuk_Iem_Ikp_IRreIhtuHIu2GvvCEiwVCiwbAiwvyyuQwOsQwwp^5zwp5z$raAftgBuuVCuuyEuuDFetJG_rJGrpJG1nDFOlxEykVCykgBykaANl5z0n5zwp" /><g i="3" c="883" charCode="117" p="#^8G$v%8G5uDEiw1CiwTAiwTzSvUyqvpyMuWx5uKx7tBxtsBx3r%Bx1j%Oz1j%OzeqOzYrXzys8AqtPAWtuBputCpusDpujEVtbFotyFwsVFErVF_p%VF1j%6I1j%6I$v" /><g i="4" c="886" charCode="97" p="#^6GpuUErvLDTvDCiwlBiwcziw2yfvVwcuVwAsVwDrkxRqMx2qtyApaz5p3ASoIAHo$BxoGEcoWFMnXFjnXFbnXFRljFiltEykPCykgBykxA5lOzElrz0n%hxJmAxllfyvkWyEjbAbjsBKi7DKiNEKiPF7jSGwjlH6kQHIk1IBl8I9m8IDn%8Izq8IEthIsuqIfvRI$v%yG$vcGjv6Gpu^WFupJEZplCjq_AwqqAMqSz$qyzurfzYrfzwsfzptVz$tAAAuSBAu7DAu6E1u6FttAFvsWFLrWFiq" /><g i="5" c="887" charCode="114" p="#^Dx$v%Dx1j%Cz1j%Cz_kmACj$AajEBKiqCKixDKiGErj%VDul5D$kiC$kAB$k$ArlrATlbAEmQzPnQzcp%Qz$v" /><g i="6" c="888" charCode="101" p="#^xGPr%OI6sgI5uPGcvmFiw5DiwfAiwAyyuWwOsWwDpWwlmCyykiAKi_CKiAFKidHwkTIhmTIupTIHpSI4q%bz4qjzdsoAmtuBuu6DuukEuuaFRt1GctxGPr^jzgo%zGgoqGDmKFPlHEyk$CykuByksAzlqzAmjzgo" /><g i="7" c="889" charCode="98" p="#^Hz$v%Ex$v%Ex5e%Rz5e%RzukeBKioDKiBEKiFFdjKGIjqHAk6IslvIHmUIWnUIjpUIFseHuuBFiwhDiw$AiwHznu^FzqpFzLriANskBuu5DuuxEuuAFetDG_rDGvpDGZmCFMlCEykbDykLBykIAOlFz2nFzqp" /><g i="8" c="895" charCode="105" p="%^FxDgFx5eSz5eSzDg^Fx$vFx1jSz1jSz$v" /><g i="9" c="896" charCode="110" p="#^Ex$v%Ex1j%Dz1j%DzTk2BKiLDKiWEKiVF9jUGAjnHgkTHXk3IUlbIvmbI1o%bI$v%_F$v%_F6o_FMmJF6mtFrlPE2laEEkhDEkTBEkSAxlRzqmRzWo%Rz$v" /><g i="10" c="897" charCode="103" p="#^fx4x%ozoxwzoy7ARyYAszmCszUDszJERyyFeyRF7x$Fsw$FiuzE$vpC$vKz$vgy4uPw8sPwrpPwAnux0m9yrkqzBjIAKiqCKiIEKicGBk%cG1j%eI1j%eIfueIgxCHxy$GOzFFxAkEgBnCgB2AgBDydAcxazfx4x^4zhp4zRr4A0t5BbuDCbu8Ebu9F0tbGRrbGmpbGZm7FMl4EykACyk7Byk5ALl4zXm4zhp" /><g i="11" c="898" charCode="115" p="#^Mw7s%XyNr7z5tYzOtOAuuiCuuPDuuyETthFfthFqshFGrEEfrbEYqoCvqYzUp0zsp5y$oCxdo7xqn7xtm7xClwxTkWx7kCyEj7zgj$z$iUAKiVBKirDKiBEajLFCjiGmkSG6l3Hnm%VEGmMEGl2E6llDyk3CykyAykUz2lfzylfzdmfzEmwz_mNzlnmAAnHAHnjC8oFELoAF9pvGyp0HjqyH3ryHbsyHitVGgugGev2FMvRDiwjCiwNziwsyfv7xbuMw7s" /><g i="12" c="899" charCode="107" p="%^Fx$vFx5eSz5eSzio3F1jVH1jYCRnpI$vIF$voBnpSzSqSz$v" /><g i="13" c="907" charCode="100" p="#^4G$v%4GmuREiwsCiwUAiwBzsviyBuAx3tSwwrSwxpSwAnvx$l9yqkrzAjKAKikCKivDKipEejkFJjVFwk%VF5e%6I5e%6I$v^7zwp7z0saAftdBuuFCuu5Euu5Fjt6G7s6GIp6G2n4FOl3EykzCyk5Byk6ALl7zXm7zwp" /><g i="14" c="909" charCode="116" p="#^sC1u%MC_vRBaw6BawVzawezOvAyqvjyPu2ybu2ycs%2yKk%qwKk%qw1j%2y1j%2yQf%fAve%fA1j%sC1j%sCKk%fAKk%fAksfAgtmAytuAPtKAZt$A7uuB7uSB7usC1u" /><g i="15" c="930" charCode="106" p="#^ExEg%Ex5e%Rz5e%RzEg^Su1B%fvazWvlziwlzZwlzixUyExsyExGw%Ex1j%Rz1j%RzIwRz6zdz2AqygBAwgBHvgBSu1B" /><g i="16" c="975" charCode="99" p="#^6Gfr%gIyrVHNtsG2v$EiwTCiwdAiwByzu_wPs_wzp_wtnGxUlnyjkOzxjdBKiUCKi$EKilGPjHHTk3IRm%WFanDFSlREcl4EykZCykjBykhAKlfzWmfzvpfz6sfAitfBuuSCuu8Euu$EHtTFUs6Gfr" /><g i="17" c="1300" charCode="104" p="#^Ex$v%Ex5e%Rz5e%RzwknBKiJDKiaFKidGjjhHTjKHTkcITlcINn%cI$v%$F$v%$FNn$F7mhFnlAEDkgDDkiCDkrB8lAAElcAwmRznnRzVo%Rz$v" /><g i="18" c="1301" charCode="121" p="#^yx$A%ixXy0y7zzy7ziz7zKzTyaAEysAcyGATx7BzwbBnwkB1w%pw1j%My1j%tBxq_BZrpCxtOC1sjDBq%5G1j%iI1j%nDdwACmy7CazyBfANALA0AgBZygBkygByx$A" /><g i="19" c="1302" charCode="46" p="%^gy$vgyvtMAvtMA$v" /><g i="20" c="1303" charCode="118" p="#^eB$v%jw1j%Dy1j%pBOqSB3sfCptxCos3DXq%XF1j%cI1j%iD$v" /><g i="21" c="1304" charCode="69" p="%^_x$v_x5eVK5eVKcgmAcgmAHleKHleKOnmAOnmAUtkLUtkL$v" /><g i="22" c="1305" charCode="102" p="#^ay$v%ayKk%ewKk%ew1j%ay1j%ayFhaylgpyJfJySewzkekAOdMBOdHCOdPD0e%uDXfOCPfbCPfbBPfMAfgmAGgmARh%mA1j%UC1j%UCKk%nAKk%nA$v" /><g i="23" c="1310" charCode="119" p="%^0A$v3w1jly1jpAwq9Bit#dB5tRBDqVD1j9G1j6IzqLI1tuJxqJL1jRN1jOJ$vwH$vtFeoXE0miC$v" /><g i="24" c="1311" charCode="44" p="#^dy$v%dyvt%JAvt%JA$vJAnxeAdyLz4zHyyz%4yCyMyiy5zIxqz6xtz$v" /><g i="25" c="1312" charCode="109" p="#^Ex$v%Ex1j%Cz1j%CzRkeAUjeBjjfCKiyDKi_EKiVFljQGXjdH$kLIKidLKi9NKibOPjdPTkdP5n%dP$v%0N$v%0NQn0NwmOMXlBMll1M$ktLEkJKEkmJEksIylyHsmyHto%yH$v%lF$v%lFAnlF6mPEnlhEEk3DEk7CEklB8lzADlcAzmRzvnRzgp%Rz$v" /><g i="26" c="1313" charCode="108" p="%^Bx$vBx5eOz5eOz$v" /><g i="27" c="1314" charCode="49" p="%^jF$v6D$v6D$h#jCLi1Bwj#LzgkJyEkJyxi#zAFhXBqg#jDbfUD1ejF1e" /><g i="28" c="1315" charCode="84" p="%^uC$vuCcgBwcgBw5eNK5eNKcgSEcgSE$v" /><g i="29" c="1316" charCode="112" p="#^ExZA%Ex1j%Ez1j%EzIklAJjeBej7CKipDKi3FKikGBjBHrkeI$lUIznUIqpUIpraI$stHBu6GsvLEiwfDiw8CiwgBQvpAmvRzFu%RzZA^DzApDz5sDAitEBuu4DuuyEuuAFftDG$rDGppDGWmCFHlBEskbDskNBskIAMlDz4nDzAp" /><g i="30" c="1317" charCode="45" p="%^NwDqNwqoyDqoyDDq" /><g i="31" c="1318" charCode="79" p="#^cxhncxQiBzjg_BNdNFNdfINdeKZeeM9ghNhikOokkO3nkOOpdNYr7M5u6Kcv5IiwMFiweDiweB4vfzStdyLrcxDpcxhn^EzjnEzyqnBps7DguLFgurIgu9KosULvqUL2nULSk8LejpKCh_IJgzHPfOFPfgDPfsByhEzgjEzjn" /><g i="32" c="1319" charCode="65" p="#^Zv$v%SC5e%qF5e%KM$v%1K$v%ZHAq%rAAq%uy$v^7BFo%dHFo%lFHjvEqh3EZfJDIh6Dpj" /><g i="33" c="1320" charCode="78" p="%^Vx$vVx5ekA5eKJ9sKJ5e$L5e$L$vAJ$vaAXhaA$v" /><g i="34" c="1321" charCode="71" p="#^jG_o%jGTm%UNTm%UNvt8MUuhKBvrIiwtGiwRDiwHBavxz1uqyVrkxMpkx7nkxwkqyfiwz_fzBUeDDNdiGNdeINdOJqenL2fgMag9NihDN6j%vLHj5LkiuKyhUJLgNIhgGHPfjGPfHEPfvDjgjCOgABChSApisAnjMz1lMz_mMznpBA_qqBBs$CntAE9ulG9uUH9ulJztPKZsALjs%AL_o" /><g i="35" c="1322" charCode="50" p="#^BIUt%BI$v%Lw$vJwcv$wtusxgtsy5sszWqkBopfE_mgFBliGbkiGXiiGEhmFLgrERfXCRflBRfoAOgszLhrzrj%axcjpxGgWymfrA1e_C1ezF1e3HtfzIUgzI$izI4k7I6lHH8mFGinEFrohDsqiB6sKAIsbAitPzUt" /><g i="36" c="1323" charCode="87" p="#^1B$v%iw5e%Jy5e%sBRpUBGrdCvtUCDq0Dbq%qG5e%hJ5e%QLanOMxqdNvtBNOr6OBp%XQ5e%jT5e%pO$v%5M$v%mImiTHFgNHfgvHvhgHmi%uD$v" /><g i="37" c="1324" charCode="51" p="#^2xfr%fzYqDzQsxAFtrBuuLCuujEuunFqtrGlsrGMqrGfprFgosEhnXChnjChnoBxn%DBClRBEl_BEloDElvEVkDFakDFEiDFrhOEEg_DRfICRfqBRfzAFgJzshtz3j%gxGiGxtg5zffxA1eFC1e6E1elFGeAGifeHogUHthUHHiUHRjgHOkEGLlqFjm0HHmUHRnMI_oMIIqMI2t2HGulFiwKCiwnAiwPyUugxut2xfr" /><g i="38" c="1325" charCode="47" p="%^$vjwbBOdYCOdMxjw" /><g i="39" c="1326" charCode="113" p="#^VFZA%VFDupFlvuEQvzDiwwCiwdAiwyysuTwCsTwopTwrnyxUleykkwzxjPAKilCKiLEKi7GMk%7G1j%6I1j%6IZA^8ztp8z_rbAetfBuuICuu6Euu6Fit7G6s7GGp7G4n3FNl$DtkzCtk8Btk8AHl8zVm8ztp" /><g i="40" c="1327" charCode="52" p="%^4E$v4EJrjwJrjwIpuE6ehG6ehGIpIIIpIIJrhGJrhG$v^4EIp4EEhtyIp" /><g i="41" c="1328" charCode="68" p="#^Wx$v%Wx5e%5E5eaG5ehHlePIIeVJDfjLQg0MIiJMzkJMYmJM_oeMzqML8s0LathKcuoJOuvIovfHIv$F$vnE$v^iAUt%7EUtUFUtUGztVHetvIDslJNrPJmqhKXohKVmhK5kmJBirI4h7HzgaGcg3Ecg%iAcg" /><g i="42" c="1329" charCode="53" p="#^1xir%lz5rBzNsxAEttBuuOCuuoEuuuFitAG5sAG6qAGeowF9ntE3mLC3mGB3mPAymZz1nuzOn%qxxn%9zke%3Ike%3Iqg%VAqg%XzflzB7kkD7kGF7khHLlVInnVIWpVImsuH7uMFiwNCiwlAiwOyXufxzt1xir" /><g i="43" c="1330" charCode="122" p="%^uw$vuwduJEKk#jDPkfCPkZwPkZw1jzH1jzHukyAJsczdu#GA6uZB6uYH6uYH$v" /><g i="44" c="1331" charCode="54" p="#^sIui%gGFiZFmhrFNgyERfeDRfbCRfnBqglAbhLzEi9z5k7zMmWzzl3B_kdCoktDokGFokdH0mMIDnMIbqMITr1IktjHMu1GxvMEiw9DiwpAiwGyhuXwgsXwDnXwriSy4gxA1enD1euF1eQGdfbIogsIui^tzbqtzkrYznsrAptiBYt9Cuu6DuuwEuuvFmtvGesvGjqvGtowFpnxEkm1DkmyBkmvApntztotzbq" /><g i="45" c="1332" charCode="73" p="%^ky$vky5eIA5eIA$v" /><g i="46" c="1333" charCode="82" p="#^Zx$v%Zx5e%VF5eiI5exJAeNK3fwLhggMvhgM_igMUk1LcmOJvneHSnaIjoFILoIJIpDK7r%JN$v%LK$v%oIhsmHGqHGPp0GYouFCoYEgopE8o$D2o5D2o%lA2o%lA$v^lA$l%qF$l2H$lYHGlTIkllJBkQJRjQJ_iQJJhVIVg_H4g$F4g%lA4g" /><g i="47" c="1334" charCode="66" p="#^Qx$v%Qx5e%yE5eBG5eQHEe4JbfNJjguKrhuKHiuKQjSJRkeJSl_HumCJYmtK6olLfplLPqlL4sPK9thKeuvJQuJIpvxHIvmG$vFE$v^cADl%4EDlFFDllGqleH8lHHxk9IVj9IYi9I3iJHohiHIgvGsgJFcgNDcg%cAcg^cAUt%GEUtPFUthGPt5HFtEHjtcIZsyIksVIGrVIPqVIPpoI4pTHkoZG1o3GKnlEKn%cAKn" /><g i="48" c="1335" charCode="35" p="%^fxjwjy6rfw6rfwipGyipAzSkfwSkfw2jYz2j0BOdRCOdNB2jDF2jIGOdxIOdtH2jBJ2jBJSk5HSkbGipBJipBJ6rQF6rMEjwXCjw$D6r8A6r4zjw^vAipmEipgFSkpBSk" /><g i="49" c="1336" charCode="58" p="%^gyxlgy1jMA1jMAxl^gy$vgyvtMAvtMA$v" /><g i="50" c="1337" charCode="70" p="%^2y$v2y5e7K5e7KcgqAcgqALlPILlPISnqASnqA$v" /><g i="51" c="1338" charCode="83" p="#^8xfq%nz2qxzor6AgsHA7tVBFt7DbuEEbu$Fbu1HNt3IntzIGs4JZr4J8r4JiqBIGp6I2p_GCogGkoODKnlB8nlADm3zYlryYkPxYjPxJiPxmhAybglz$ePAoeiCNd6ENd5GNdCHqe7J3fXJjgMKyhQK7j%zIijnIChjHLggGTfcETf3CTf4BGg5Ash5Azi5AxjOA9ktBNkmErlfH4mjIAmTJinCKpomLvpmLXqmLnsyKEtKJUucIBvGGiwLEiwkCiwHABv2zTu6yttbx2s8xfq" /><g i="52" c="1339" charCode="76" p="%^Qx$vQx5ecA5ecAUt0JUt0J$v" /><g i="53" c="1340" charCode="72" p="%^0y$v0y5eoA5eoAslFJslFJ5e1M5e1M$vFJ$vFJznoAznoA$v" /><g i="54" c="1341" charCode="48" p="#^1xan1x$jHx3ily7gDz4fVA1eTC1ejE1eoFCeuGbfbHhgUHnhiIYiIIwkIIanIIjq2IfspHbu6GfvQEiwTCiwhAiwOysu1xcs1xan^iz9nizArkA1tmBuuTCuunEuupF1trGzrrG9nrGLipFihnERfRCRfkBRfqA7hizMiiz9n" /><g i="55" c="1342" charCode="55" p="#^axrg%axke%MIke%MI1g3HShnFTkIDUnNC4r7CktXB$v%Gz$vIzUtvAVqiBVnNC7lhEliYFrg" /><g i="56" c="1343" charCode="57" p="#^mxSr%tzFrKz8tuAPtfBuurCuusDuudE1u_EzttFOsZF0siGIqDGnpDG$nDGSnCGznYFCoPEgpGDWpkCWp6AWpzyjo1xIm1x3k1xlhEyHffA1eGC1epE1eSFZejHVf3IFhPIojPIHmPI6q3I8skHauRFevnEiwoCiwiAiwYy8vDxZtmxSr^nGYjnG3imFYgmERfXCRftBRfnA2hizeiiz8kizRlkAWmmB_nTC_npE_noFWmnGRlnGYj" /><g i="57" c="1344" charCode="85" p="#^FJ5e%1M5e%1Mro1M7rqLJsPKjudJjvDHiw2FiwxCiwWArvkzzuEyWsZxhrZxro%Zx5e%lA5e%lAqolALqMASrcBYsfCztjD9uQE9urH9uyIZsFJNrFJqo" /><g i="58" c="1345" charCode="40" p="#^SBgB1AZyMyUvwxPswxwpwxCmsyYjzzSgSBOd%rDOdYBlguBqhKA6jjAXkNzdnNzxpNzpvrDgB" /><g i="59" c="1346" charCode="41" p="#^4zgB%vxgB9Bpv9Bxp9BenDA_kdA8jtzsh_ymgvxOd%4zOdnBSguCYjqDCmqDwpqDPs9CUvUAZy4zgB" /><g i="60" c="1347" charCode="120" p="#^bw$v%XAhp%yw1j%gz1j%iB3mSBWmcCvnKCKmbD6m%mF1j%$H1j%CDfp%kI$v%EF$v%YCZr%kC$q%Ry$v" /><g i="61" c="1348" charCode="59" p="%^dyxldy1jJA1jJAxl^dy$vdyvtJAvtJA$v#JAnxeAdy#Lz4zHyyz4yCy#Myiy5zIx#qz6xtz$v" /><g i="62" c="1349" charCode="64" p="#^bK$toJWupIuvqH1wrG1wlF1wjEpviDMuFCst0C7s0Cyq0CCo$CGm$DJktFLjYGMimIMiqJMinKkjlLTj2M0l%sM7j%EO7j%TMjrwM1twMctwMytMMNt0N0unN0u0O0u3PgtsQisgRFq4S0p4Sgn4Sdl1Rsj_PHhWNDgSLzflJzfvGzf7EVgMBeitAKkazdnaz4qaz4ttAevMBoxdEqyHGszHJszUMsz2PnycRixhSMv%uUMvST2xlSnyQQJzKOuAFMgBJJgB$GgBIEzAqCTzPAtycz4xoygvmxYsmxhqmxinAyCk4AihPCyfyFNdtJNduMNdUO1fjRggISIiUTQkUTinUTRqpRAtaP2wyM2wIL2waLOvFKxvqK3vgKLubK$t^hEHqhEms3FitSFduUGduAHdukIPt5JptNJCstKOrVKzqlLjplL3olLpmwKvlIJAkwIAkKHAk2H_kmGnlIFfm3F7nGEoohEEphEHq" /><g i="63" c="1350" charCode="60" p="%^nxaonx7mcJ7hcJkjQz9ncJ2rcJft" /><g i="64" c="1351" charCode="62" p="%^cJaonxftnx2rKG9nnxkjnx7hcJ7m" /><g i="65" c="1352" charCode="56" p="#^rAim3zOloyTkKxXjKxEiKxHg8zmfyA1eTC1edF1eEGof4ILg4IIi4IYjqHTkMGOlrFim5HQmYH1oPIdpPITqPIatbHKuzFiwVCiwgAiwEyKu0x9t0xQq0x4pVxVnOyJmrAim^$zAi$zRjPAFkDBslXCslcEsl$EFkPFSjPFIiPFuh_EGg9ERfVCRfEBRfPAFg$zsh$zAi^hzQqhzMrJzEs9Awt1B$tWBuuXCuuwEuuxFutyGtsyGVqyGkpvFiosEfnSCfnjBfniAhohziphzQq" /><g i="66" c="1353" charCode="183" p="%^VydoVyJlpBJlpBdo" /><g i="67" c="1354" charCode="80" p="#^Wx$v%Wx5e%GE5esG5eoHgeIIueBJ6fuKJf1LQgALXhALgjALzl7K8nGIJoTEJo%iAJo%iA$v^iACm%WECmdHCmaILl8JUk8Jlj8JdizIqh$HDg4HmguGcgTEcg%iAcg" /><g i="68" c="1355" charCode="8217" p="#^wxtg%wxWd%TzWd%TzXfTzAhvziiZyhjRxNj%jxWiZxEiiy3iDyuhGytg" /><g i="69" c="1356" charCode="67" p="#^HKJp%3NjqjMetnKMusIiwFFiwMCiwYA7v8zXtbyIrfxtpfxVmfx6kjy1iozXfmBSekDNdHFNdnINdcK9f1MwgLM$i%qKyjOJBhCIIgrHPfEFPfADPfbCPgPAOhfAtjHz7lHzUmHzaplATq0BAsqCqtQDgusFgurHguPI7tcKZrHKJp" /><g i="70" c="1357" charCode="8220" p="#^nz6h%nzFj%0xFj%0xEh0x$fpxhfWxie1zOd%zzFeUyXeAyvfgy2gdy6h^9D6h%9DFj%OAFj%OAEhOA$fbBhfIBiePCOd%lDFeGCXemCvf2C2g$B6h" /><g i="71" c="1358" charCode="8221" p="#^3xtg%3xWd%qzWd%qzXfqzAh2ziiwyhjoxNj%SwWiwxEiRx3iayuhdytg^RAtg%RAWd%cDWd%cDXfcDAhQCiiiChjaBNj%EAWiiBEiDB3iYBuh$Btg" /><g i="72" c="1359" charCode="8226" p="#^kxenkxYley2l8z8kqA8kIB8kCC2lwDYlwDenwDwoCCqpIBkqqAkq8zkqeyqpkxwokxen" /><g i="73" c="1360" charCode="74" p="#^JwWq%SyDqXyGsDzrtjAbuwBbupCbu2DNtIDntXDGsbEZrbEqq%bE5e%zG5e%zGiqzGxs0GMttF$uiEFv7DiwxBiwaziwWxYuGwBtJwWq" /><g i="74" c="1361" charCode="38" p="#^THUtNG5vvFIvdEiwKCiw$ziwoyru4xXs4x3r4xpp8y4odzKmkBJl7AkkJztjkzBikzOhkzagAA_eRBOdMDOdBFOdLGWeWH2gWHDhWHakxE_l%MH3qjI_oCIAn%UK3ojKpqjJVrxKyt5MFu%CKpwhJzvTHUt^pDzkQEJjeF5jFFsiFFHhFFMg4FbgvECfFDCfMCCfaCbgBBLgBBAhBB$hOBti0CWirCqj^vG9s%uC9nIAdo4A7psz1qszWqsz0sjAbtbBmuMCmuLDmuOELtSF7tvG9s" /></glyphs></font><font id="30" name="ArialBold Charset1_ 5zTJ9bazNwn"><glyphs><g i="0" c="880" charCode="32" p="#" /><g i="1" c="881" charCode="73" p="%^Ix$vIx5ejB5ejB$v" /><g i="2" c="882" charCode="82" p="#^Qx$v%Qx5e%qF5eiI5eBJAeUK3fGLigsMxhsM6jsM8lgLsm5KMnKH6oVINoGJCprKqqJLws%VN$v%AJ$v%_G6sBF0q4FupzEXo_DKoqDxoaCxo%rBxo%rB$v^rBGl%6EGlIGGllHsl$HelmIIkKI9kKIljKIrifIUhMHkhUGbhsG7hfE7h%rB7h" /><g i="3" c="883" charCode="66" p="#^Qx5e%_E5e6H5e8IhebJse0K0fRKAfoLwgXLrhXLCiXLSjgLWkBKZlrJum3LZmXL7oPMgpPMPqPM1seMbtGLluHK1vJJJvgITvnHZvWD$v%Qx$v^rB4h%rBdl%PDdlWFdlrG9lmH2lUHwkqI_jqI7jqIhiYHMhvHfhCG8h3G4hwD4h^rBco%rBZs%NEZsLGZsgHSs4IJsAI9s5JAr5JEq5JQpIIhpjIJozHtoQGcomEco" /><g i="4" c="886" charCode="35" p="%^UxyrdwyrdwSorySo9zgldwgldwziIzziGAOdpDOdsCzi8Fzi4GOdVIOdXHziCJziCJgloHglFGSoCJSoCJyr6Gyr8FjwqCjwmDyrEAyrGzjwWwjw^VBglbBSoUDSoCEgl" /><g i="5" c="887" charCode="58" p="%^rytmry1jTB1jTBtm^ry$vryzsTBzsTB$v" /><g i="6" c="888" charCode="49" p="%^SF$vqC$vqC4j#yAQk_xGl_xzi#kz7iVAVg#uCGf4D1eSF1e" /><g i="7" c="889" charCode="54" p="#^HIti%mFQieFPhJEkhdERgoDRgjCRgzBQhPAOiCATlUBmkODmkYFmkuH$l0JEn0Jeq0J_spHFuOFjwgDjwyAjwOycu3x5s3xin3xniTycgIA1eCD1eEF1e_GafkIigHIti^VAZpVAErGBzsrCttrDttoEtt0FJsFFZrFFgqFFwoZEInhEUmgDUmhCUmBBGnVAsoVAZp" /><g i="8" c="895" charCode="53" p="#^6xpr%xA2rGAcsoBUs7Czt3Dzt8EztTEHsDFPrDF2qDFooTEzn8EKmZCKmuBKmjA2o%xxEn%izke%mIke%mIxh%UBxh%mBAkvC$jID$j_F$jzHGl9Jkn9J_p9JcsTHXt7Gjw0DjwyAjw_y_uqxFt6xpr" /><g i="9" c="896" charCode="101" p="#^iFTr%JIss3IkuEGjvdFiw4DiwIziw4y5uOwjsOwDpOwpmuyAkaALiKCLiEFLijHGk_IAmVIwq%jAwqlA2s8BUsXBKt6DKtWDKttEit0FSsiFTr^vFqotFWmKE9m$DnlYCnlQBnl5BbmmA0nnAqo" /><g i="10" c="897" charCode="115" p="#^Bwjs%1ANrfANsWAitBBPtPCPt8EPtPEktgF_sgFpsgF0s0FMrMEwrTDjrJzpqCyEp3xBo3xKm3x2loyVjJzLixCLibFLiuGDjNHukgIbm%1FNmQE1meEDlFDdlACdleBdlEABlfASlfAimfAFmBAVm3BfnODTnyGvoDHppIIjqIIYrIIKtcH0vJFiwPCiw9AiwCyev3x9uBwjs" /><g i="11" c="898" charCode="97" p="#^mA$m%fxrmNxzk3zFjlALiTCLiaFLihGijpHRjSHGkkIvlkIKn%hIKrhIstrIguCI4v3J$v%GF$vxFFvlF_ufFHudFAulErvlDTvlCiwcBiwcziw2ydvUw7uUwtsUwmrpxvqXxEpTybpQzKoDBoo1EXnYEyn%YEcnYEdmsEOlZDnlDCnlIBnlbBKlGA5mmA$m^YENpiE$pSCjqrBCq$AVqkAnrkA6skAQsSAmtpBTteCTt9DTt$DgtDEOsPE7sYEHrYEtq" /><g i="12" c="899" charCode="114" p="#^4B$v%Ex$v%Ex1j%QA1j%QATkEBzjiC9jYCLiNDLiYELi2Goj%$Eom7EQlnDQlFCQl9CemFBDmmBFn4BHo4B$r" /><g i="13" c="907" charCode="99" p="#^5JTm%JFunyFtmXEZlkEslmDsl4CsljBlmyAdnyAipyABrjBys5CvtpDvtoEvt0FYsEFosUF1r%gJCrKIWtfH6vMFiwgDiwpAiwJyvu1xIs1xxp1xkmJyykqALijDLiHFLi4HMjuINk5JTm" /><g i="14" c="909" charCode="104" p="#^cB5e%cBIkSCLiaFLimGLijHbjgIDjKIjkdJ$koJQlAJFmAJpo%AJ$v%8G$v%8G9p8G7nXFAmLF0mfFIlMEnl0EnlaDnlvCOlQBcmwB2ncBTncBwp%cB$v%Mx$v%Mx5e" /><g i="15" c="930" charCode="67" p="#^gJpp%MMwqYLst4KUudIjwlFjwNBjwuzTtbxrrbxdnbxLiuzhgOBOdzFOdRIOdUKKf6MUgJM1j%8JUjQIviPHIhPGUgnFUgnDUg8CkiVALjVAXmVAlq7CNrlDdtiFdtKGdtMHisPInrgJpp" /><g i="16" c="975" charCode="111" p="#^$wlp$wDnRx1mHyrkdABjMBLiGDLiCGLiuIFknKzmnKupnKqstImuAGiwIDiwWBiwiAvvHyHuRx8t$wAr$wlp^wAxpwAsrqBuslCvtHDvt1FvtXFusRGsrRGvpRGBnXFAm1FylHDyllCylqBAmwABnwAxp" /><g i="17" c="1300" charCode="110" p="#^AJ$v%8G$v%8Gop8GinWFHmIF3mcFJlJEnl1Enl8DnlqCSlJBlmsB9ncBZncB7q%cB$v%Mx$v%Mx1j%YA1j%YAXkFCLidFLimGLiiH9jeIzjJIckcJRkoJFlAJsmAJYn" /><g i="18" c="1301" charCode="116" p="#^KD1j%KDMl%oBMl%oB$qoBAssBRsxB6tMBht$BstlCstQCstJD7t%0ENvPCiwjBiwnAiwDz_vUyGvyybvcyHu3yRtYxftYxqr%YxMl%nwMl%nw1j%Yx1j%Yxsg%oBre%oB1j" /><g i="19" c="1302" charCode="83" p="#^Vwaq%qAQpKACrIBrsHCgtkEgt4GgtYGxsRHNrRHOqRH9qtHJp5HgpaGXoxFJohD9onArnczomyxVkyxNiyxqhjyeg5z2fyAqe0COd4EOdsHOd9JhfSKLgXKdj%kHnj5H$hkGohzFNg2ENgtCNgABqh$ARh$Ayi$AajxBDjdCckSEQkvHslMI7m1KNmKKXnsL5psLNqsLksBKGtLJ$ubIFvDGjwiEjwUAjw4zLugxatVwaq" /><g i="20" c="1303" charCode="117" p="#^jG$v%jG3uCF5vsEIviDiw0CiwJAiwGzKvEy9vay7uJx4tJxer%Jx1j%9B1j%9B_o9BJrlBlsxBYs1CjtxCGtiDGtaEGtSEbtyFIsOF$r3Ghr3Gvo%3G1j%vJ1j%vJ$v" /><g i="21" c="1304" charCode="109" p="#^xx1j%HA1j%HAOkoCLiKELi_FLiVGgjQHNjpIPkgJNjfKgjfLLinMLiONLiNOkjNPVjgQ1lDQSlDQJn%DQ$v%bN$v%bNBobNGmQM6mmMnlmLnlEKnl$JPlnJfm5J6nPIYnPINp%PI$v%nF$v%nFVonF0nbFtm0FVlDEEleEnlADnlNCnl8CPlwBemeB2nZARnZAIp%ZA$v%xx$v" /><g i="22" c="1305" charCode="121" p="#^aw1j%Qz1j%XCes%YF1j%vJ1j%XEwv%6EMxFDVyfDvzRC6AjCtANBRA$A2BeAgBfzgBgygBjx3B%$wnyPxxysyxyFzxydAQxOA7x6B1w" /><g i="23" c="1310" charCode="45" p="%^pxerpxOn8EOn8Eer" /><g i="24" c="1311" charCode="112" p="#^Ix1j%VA1j%VAXkxBYjBCmjFDLiXELicHLiMIxklKimlKsplKIsLIvuaHiwWEiwRDiwZCTv6Crv8Bpu%8BXA%IxXA^5Bip5BurYBxsQCAt4EAtgFAt3GDsSGFrSGtpSGrn1GsmdFsl0EslLCslWBqm5Bon5Bip" /><g i="25" c="1312" charCode="118" p="#^nB$v%9w1j%Lz1j%bCFp%VCSraD0rfDLqqDcqDDFp%5G1j%DJ1j%tE$v" /><g i="26" c="1313" charCode="105" p="%^OxghOx5eeB5eeBgh^Ox$vOx1jeB1jeB$v" /><g i="27" c="1314" charCode="84" p="%^SB$vSB7hyw7hyw5eMK5eMK7htF7htF$v" /><g i="28" c="1315" charCode="103" p="#^txRw%oBjxuB$xRBgykCEynDEyJEEyoFeyRFZx4GnxeGXweGOv%fGVtIE$vmC$vLz$veyOt1x2s1xsp1xbmBytkaALivCLiVELitGSk%tG1j%GJ1j%GJGuGJZwiJ5yWIezeITzyHxApGUAgFgBwDgBdAgBQy7Asx$ysxgxsx5xtxRw^yAfpyAjrlBhs8CetjDetzEetqFfshGgrhGlphGknsFmmDEnlmDnl8CnllBlmyAinyAfp" /><g i="29" c="1316" charCode="100" p="#^GJ$v%uG$v%uG5uHFcvCELvxDiwrCiwcAiwCyvu1xIs1xtp1xamAytk7ALiuCLiFELieGzk%eG5e%GJ5e^yAfpyAkr7BfsXBBtqDBtBEBtqFBsfGArfGApfGlnrFmmEEnlpDnlbCnlmBlmyAjnyAfp" /><g i="30" c="1317" charCode="65" p="%^ZN$v1K$vuIXrjBXrQz$v$v$vYC5eOG5e^jHVoREgiqCVo" /><g i="31" c="1318" charCode="122" p="#^pw$v%pwjt%hBKntCnm2DOlsCRltBRl%TwTl%Tw1j%CH1j%CHsl%FCar%VA3tkC_sGC_s%_H_s%_H$v" /><g i="32" c="1319" charCode="70" p="%^Qx$vQx5e6K5e6K7hrB7hrBmlWImlWIoorBoorB$v" /><g i="33" c="1320" charCode="76" p="%^Wx$vWxfexBfexBZswKZswK$v" /><g i="34" c="1321" charCode="69" p="%^Qx$vQx5e4L5e4L7hrB7hrB5lpK5lpK7orB7orBZsqLZsqL$v" /><g i="35" c="1322" charCode="80" p="#^Qx$v%Qx5e%DD5eWG5eWHmesJMeuK7gxLthxLCjxLflWKnmkKvnpJ8ovINoyH$ofGfpODfp%rBfp%rB$v^rB7h%rBdm%qDdmyFdmgGXl$GFlpH3lPHskPHFjPHHieH2iGGphNFfh8F7hbD7h" /><g i="36" c="1323" charCode="78" p="%^Sx$vSx5emB5eII5qII5e2M5e2M$vrI$vcBhkcB$v" /><g i="37" c="1324" charCode="86" p="%^pC$v$v5eWz5erElrQI5eFM5ehG$v" /><g i="38" c="1325" charCode="71" p="#^8Grp%8Gpm%XNpm%XNxtOMEuEKuvvIjwhGjwuDjwoB8vizYtfyMrcxApcx$mcxckny1iyzRfOBHexDOd5GOdqJOdiLcfaNBgIN3j%6KKjKJqiHIFhEHUg4GUgJDUgjCoiWAUjWARmWA1qkCDrLDdt2GdtbHdtkINstJkshKIr%hKrp" /><g i="39" c="1326" charCode="79" p="#^5xan5xqkVxAiwychAz7gEA1fUBvezDOdLFOdIJOd4MfgsOIisO4nsOqr5MTtKJjwOFjwPBjwszTt5xrr5xan^PA2nPA4qdCFrDDdtOFdtYHdtlJGrKK6qKK$mKKWjnJpi1IUgOFUgyDUgaCqiPAYjPA2n" /><g i="40" c="1327" charCode="85" p="#^Ox5e%pB5e%pBOnpB6qyBNqMBUrECzswDdt1FdtAGdtmHBs8IYriI2rsI7qsI$n%sI5e%3M5e%3Mvn3MKqML3suLotHKjuVJdvAIMvgHjw8FjwACjwfBJvXz7v9zbuoyet9ybsOxFqOxFn" /><g i="41" c="1328" charCode="68" p="#^Px5e%pE5eEG5ePHreoJVevK5gDLghcM_iOMIkOMdnOMqpfM1rAL_skKbuoJ6vOHDvCG$vCE$v%Px$v^qB7h%qBZs%7EZsEFZsjGOsbHAsMH3slIxrIIkq4J7p4J2n4J_kIITjlIMiHH8i1Hwh0GihfF7h2D7h" /><g i="42" c="1329" charCode="89" p="%^wC$vwCtoZv5ecA5eqEblyI5eJM5e7Guo7G$v" /><g i="43" c="1330" charCode="98" p="#^Ex$v%Ex5e%4B5e%4BzkFCLiQELicHLiLItkiKamiKopiKIsJIvu8HiwTEiwMDiwHCLvCBbvQA5u%QA$v^2Bfp2BgrHBdsACBt2EBtbFBt_FDsNGFrNGzpNGlnZFmmaFnlVDnlHCnlSBlm2Bin2Bfp" /><g i="44" c="1331" charCode="75" p="%^Tx$vTx5euB5euB2mNI5eDN5eUG3l$N$vjJ$voEBnuBBquB$v" /><g i="45" c="1332" charCode="77" p="%^Nx$vNx5ecD5erGjqDJ5e2P5e2P$vIL$vHLVh9I$vGE$v7BVh7B$v" /><g i="46" c="1333" charCode="102" p="#^iw1j%cy1j%cy3icyqgyyDfVyPeQzjeMAOdbCOdFDOd3Fee%BEDgNDqg1DqghCqgYBNgEB7hEB6i%EB1j%cE1j%cEKl%EBKl%EB$v%cy$v%cyKl%iwKl" /><g i="47" c="1334" charCode="108" p="%^Ox$vOx5eeB5eeB$v" /><g i="48" c="1335" charCode="107" p="%^Gx$vGx5e6B5e6BBn7F1jlJ1jWENnFJ$vZF$vICaq6BRr6B$v" /><g i="49" c="1336" charCode="8220" p="%^1BnlBxnlBxWi#BxqhSxzg#7yIfQy0f#xzkeEAXdjBmf#hAIfQzjg#ozWgmzXh1BXh^MGnlkDnlkDWi#kDphBDzg#SDIfzE0f#hFkenGXd2Hmf#0GIfzFjg#7FWg5FXhMGXh" /><g i="50" c="1337" charCode="8221" p="%^jD5eLG5eLGzg#LG2iuGVi#dGMjvFsk#OE8lJDxl1D6k#3EMjwE9j#ZEyi_ExhjDxh^yx5e_A5e_Azg#_A2iJAVi#tAMjLzsk#2z8lXxxlgx6k#jyMjLy9j#bzyidzxhyxxh" /><g i="51" c="1338" charCode="44" p="%^Ixzs8Bzs8B0v#8BvwTAmx#DAdyVzVy#czBz5y_zqxzy#tydyVyDx#lz1xnz$vIx$v" /><g i="52" c="1339" charCode="119" p="%^cA$v6w1jrz1jTBxr6E1jpH1jzJxr2M1jrP1jgL$vZH$vLFFnyD$v" /><g i="53" c="1340" charCode="63" p="#^9Fnr%2Cnr1CIq1Czq1C2pxC4o1D5nxETl1GFkkGhkNGHjNGYiNGZh_FghbFygQDygxCygEBihMA1irAzj%hxajqx_g8zsfTAWdGDWdEGWdnItf7K0h7K3j7KbkuJclRIdmLGYnFFSooFpp7FYp9Fnr^2C$v%2Czs%9Fzs%9F$v" /></glyphs></font><font id="40" name="ArialItalic Charset1_ 6Aw4NscETyi"><glyphs><g i="0" c="880" charCode="32" p="#" /></glyphs></font><font id="50" name="ArialBoldItalic Charset1_ 6riSaPdvqu9"><glyphs><g i="0" c="880" charCode="32" p="#" /></glyphs></font><font id="60" name="Century GothicItalic Charset1_ 6jCKPfWNLHK"><glyphs><g i="0" c="384" charCode="66" p="#^1z2e%kB2eJE2eVFse6HSeRHTfAIUgAIgiAIJjNHSk$G_lGFumhHZmbI9o5Jkp5JXq5JAsjIMtyHYueGuvWE$vKB$v%Cw$v^BALf%NzJljAMl$AMlqDMluEnlzF_k9G9kLGjjLGiiLGZgPFlgUEJfUBJfmBJfBALf^yztn%Dyiu%3BiuBDiuyE5uUFNtAG_sgHbsgHXqgHPpIG3p8GjoSEUnBDtn2Btn" /><g i="1" c="385" charCode="97" p="#^DJ$v%VH$v%aI$tSFlwVClwcAlwtyBuKwRsKw6qKwWm$yFkgBnikEni_FnieH4jvIMjkJel%EJJi%qLJi^5DNuKENu4G0uqHetcINr$Ijq$ICo$IymIHglpGZjkEZjUBZj9AKlqyvnqy4qqybsJzut0BNu5DNu" /><g i="2" c="386" charCode="99" p="#^DKBl%dJpmLH0kJE0kYC0kvBOk3AAlezZmqymoqyYpqylr1zssEzztKAauRBMulDMuUEMuhG9uGHytsIAs%SJztyI0v$GHvsFlwpDlwgAlwvyDuKwVsKw3qKwTm2zDkmBniJEniKGnigIejPJ4kDKBl" /><g i="3" c="387" charCode="107" p="%^YyBdCABdhzGnKFJipIJiFAFotH$vaF$v1zopay$vtw$v" /><g i="4" c="388" charCode="103" p="#^zJJi%fLJi%KJZtmJHwRIMx7IhzsGeANEcBuCcBfAcBFyhA4xmzgwDx%Ox4xbzCzuCCzeECzvFUyNGbylH4xGHpw0Iau%4IFtWF$vQC$v4A$vpykuKwEsKwYpKw_nLxfmMyvkyArjlCnibEniJFni_G3jfILjdJfl^wE$jRC$jpBOk_zBlczZmqykoqy1qqy_rFzbtVAnu$CnuxFnucHJsTI3rTIxoTIjmvH9l8G$jwE$j" /><g i="5" c="389" charCode="114" p="#^CxJi%jzJi%4zokMzrjKAViIBniJCnirDnidEJi%pDgkNC0klC0ksB0kAAEkJzglaztmDyFnfynq%ux$v%Pv$v" /><g i="6" c="390" charCode="111" p="#^jEni$FnipHbjQI$jDJslqKUmqKJoqKPqpJCsoIouHGnv_ElwPClw8AlwpyBuHwRsHw7qHw$nIxcmJypkuAojfCnijEni^gE$jGC$jgBOkTzBl7z_mnymony1qny7sGzrtZALu0DLuDELuWF_tdHdt_HNrMIlqMIIoMIjnbIfmCHblzGBkwF$jgE$j" /><g i="7" c="391" charCode="117" p="#^5zJi%NAJi%_zhoEzKqEznrEzTsAAPtwBLu2DLukELugF0udGhtCG6sPGvr5Hmp%$HJi%HJJi%1JLnzImr2ITsxHoucGnvTElwZClwOAlwpzXu1ywt1ypr1yzqbysp%jyho%nyNn" /><g i="8" c="392" charCode="110" p="#^iyJi%XzJi%FzNkHBnimEniqGniHHEjYIVkYI1nYIUnHIVp%SH$v%bG$v%0HVpgHYngH0ngHDlqGMkAFVjcEVjSCVjIBCkyAjlVzvmgzHnXygq%ay$v%vw$v" /><g i="9" c="393" charCode="100" p="#^GJ$v%YH$v%dIYtSFlwVClwdAlwuyBuLwRsLw6qLwWm$yFkgBnikEni_FnieH4juIMjnJfl%oKBd%9MBd^7DNuMENu6G0utHetfINr2Jkq2JCo2JzmLHglsGZjmEZjWBZjaAKlryvnry4qrybsKzut2BNu7DNu" /><g i="10" c="394" charCode="32" p="#" /><g i="11" c="395" charCode="75" p="%^$y2eLA2eNzklcI2eMK2e2BrmsJ$vaH$vxzknly$vAw$v" /><g i="12" c="396" charCode="119" p="%^SwJizyJiiB5shGJiAGJiCJbsvOJijQJisJ$v6J$v1GDm3B$vKA$v" /><g i="13" c="397" charCode="108" p="%^FyBdkABdRx$vaw$v" /><g i="14" c="398" charCode="101" p="#^fKIp%oyIpmy4sDzqtUANu0DNuqENuCFcuPGDtBHBs%SIDtUHSukGCvNElwZClwRzlwgypuIwtsIw3qIw4oLxfmPypkAAojmCniqEni_GniFI6kkKQlkKvokK$ofKIp^HIdoCIlmoHblbG0kmE0kmC0kQA8ljzfmHydo" /><g i="15" c="399" charCode="65" p="%^pG2eqM$vAK$vCI7q0B7qEx$vEv$v_F2e^PFPh$Bqo2Iqo" /><g i="16" c="400" charCode="116" p="%^pALd4CLdqBJi5EJiVDckdBckEz$vXx$vxzckfxcksxJiKzJi" /><g i="17" c="401" charCode="84" p="%^Uw2eDH2eoHLfSCLfGA$vSy$v2BLfFwLf" /><g i="18" c="403" charCode="104" p="#^_yBd%FABd%HzMkMBnipEniqGniHHEjZIUkZIVmZI0oJIVp%UH$v%dG$v%2HVpiH3ohHZmhHBlqGLkzFVjaEVjTCVjJBCkzAilWzumizGnYyfq%ay$v%vw$v" /><g i="19" c="404" charCode="8217" p="#^nAjk%vzNjaAGinAbiBAHhLAZg%GzZg%8ABd%iCBd%8C5fXB$gyB5iaBajnAjk" /><g i="20" c="405" charCode="115" p="#^tEck%yDAlqC_jTA_j$z_jnzzkLy8lLyQlLynm7zSmvzlnPAboJCqpkDkqWDgrWDtsWD8uLCfvBBlwJzlwgxlwAv9u%CwYs5yLuQzLuPALuyB3uhCmthCrshCHrKB0rnBzqQzwp8ynoDxCn5xTm5xXl5xskcyqjjzni0Bni0CniQCNiEDbjtEck" /><g i="21" c="406" charCode="112" p="#^xyJi%gAJi%$zIkiCnifFniZHniIJ7krLTlrLCorLOrbJ4uXGlwTDlwdClwZAEvJzXuQytt%RxSA%4wSA^3FXjrDXj4CJkJAulWzXm8zoo8z6q8zasrAttLBLuQDLugGLu$H_sLJdrLJEoLJxmsIel9HXj3FXj" /><g i="22" c="407" charCode="105" p="#^jzfdSzfdgAFdGA3eGADeGAbfgABfSz_fjz_fKy_fkyBfXxbfXxDeXx3ekyFdKyfdjzfd^ZxJi%BzJi%Rx$v%aw$v" /><g i="23" c="408" charCode="98" p="#^czBd%XABd%_zJkjCnigFniZHniIJ7krLTlrLCorLOraJ4uWGlwSDlwcClwXAEvHzXuPytt%uy$v%Jw$v^3FXjrDXj4CJkJAulWzXm7zoo7z6q7zasrAttLBLuPDLugGLu$H_sLJdrLJEoLJxmsIel9HXj3FXj" /><g i="24" c="409" charCode="102" p="#^7E2e%UDFfYCNe8CNeCBNeeBhfSANfFAih%tAJi%fDJi%3Dck%gAck%Gy$v%$w$v%Byck%$wck%bxJi%OyJi%YyyhfzufAzOeWz5eAAGdeBfd0Cfd3Dfd7E2e" /><g i="25" c="410" charCode="73" p="%^Uy2eIA2ehy$vtw$v" /><g i="26" c="411" charCode="109" p="#^eyJi%VzJi%FzBkqAzjDBZiQCni2EniyFniJGgjCHZj2IllYIWjhK9jCLni_MniQOni0QzjdRLkdRDmdRtn2RJo%6Q$v%rO$v%iPDpzPDnzPImzPxlOONk1O0kOM0ktL0kkKRkbJGlIIOmeIVn$HDp%8H$v%rF$v%qGJoAGynAGPmAGxlPFMk2F_jQD_jNC_jQBtkUAYkhAKlHzwmozGn5zQoZyLp%7y$v%rw$v" /><g i="27" c="412" charCode="121" p="%^AwJikyJiNBwstHJioJJiQySAWwSAHAou" /><g i="28" c="413" charCode="67" p="#^ePxg%8O1iiLlfFHlfhFlfcDvg8BFhZzDjPyBlPySnPyTpIzrrCA$siCUt_DMuaGMuvJMunMFs%nN4ueLuvIJZvaIsw9GswrCsw5AAu_w4s_wVn_wBj5ABgcDBdQHBdXJBdGLgepNWeePxg" /><g i="29" c="414" charCode="118" p="%^HwJiryJiNBqsnHJieJJiAB$vgB$v" /><g i="30" c="415" charCode="46" p="#^dymtRymthzOtJzeuJzRuJztvhzVvRylwdylwCxlwaxVvKwtvKwRuKweuaxOtCxmtdymt" /><g i="31" c="416" charCode="80" p="#^dz2e%6E2exG2eAHveEIYegJYfVJXgVJiiVJ3kVInlVHHmoG9nhFwnuCwn%Mzwn%Cy$v%Ow$v^PANf%_zLl%uCLl$ELlZFplXG2lwHck6Imj6Iji6IthIHTgjHggBG1gUFNf0ENf" /><g i="32" c="417" charCode="106" p="#^azfdKzfd7AFdxA3exADexAbf7ABfKz_faz_fBy_fbyBfOxbfOxDeOx3ebyFdByfdazfd^QxJi%vzJi%CxQwgxtzDwkA$vcB$ucBoucBBtSA%NtpzcuGzAuGz2vGzjvhzGvIyRvnx" /><g i="33" c="418" charCode="44" p="%^hyIsQzutIw4yzvAx" /><g i="34" c="419" charCode="45" p="%^fwvo_CvoMC_p2w_p" /></glyphs></font><font id="70" name="Century GothicBoldItalic Charset1_ 5nJFkGJskaP"><glyphs><g i="0" c="384" charCode="48" p="#^aEBdfGBdFHqf3Jfh3JLk3JloWHarOG$t9FevwDswDBswhAswdzJvay_uxxxtVw4sVwKpVwOl1yMi2z4gHARekCBdaEBd^RDMg6DMgtCohyBjiQAKk6A8n6AKp6ATrCAEs6Bpt_BptNCptCDCssEPr9FupSF9nSFokSFriiFChKEMgRDMg" /><g i="1" c="385" charCode="50" p="#^9Byj%UxyjZxJhHymgqz$eEAieSBBdpDBdFFBd6H2fAIugAIEiAIlkrHlmiGkoQBXs%RHXs%rH$v%mw$v%GwEtiBYoGCmnwEclYEakjFojjFEijFOhLEfhcEHgpDHgyCHgZBkhpBZh9Byj" /><g i="2" c="386" charCode="49" p="%^1B2enG2eWD$vDA$vFCbhZzbh" /><g i="3" c="387" charCode="52" p="%^PFBdTIBdaHDpXIDpyIysMGysgG$vcD$vGDys5wysuwDp^XEcj2ADp3EDp" /><g i="4" c="388" charCode="66" p="#^jz2e%5C2eDE2eSFBe5H8fRHjgCIthCIPiCIWj4IWkyHWlyGBmYIgoYI1rYItsbIGtqHSuiGrvbF$v3D$v%Sw$v^JBal%kCalGDal9EZkEEMkZEdkjFGjjF$ijFni0FWhJEtheEjhLD9hgC9h^HAPs%JCUseEUsWEisDFHrDFFqDFUpbFipMEIo2EtolDdojBco" /><g i="5" c="389" charCode="101" p="#^vG6s%nJCtpITuPGCvdFlwhDlwfAlwvyEuLwWsLw5qLwSmXyDk7BnidEni5GniyHcj$I0kRJAlHK8nHKZoHKypzKjq%_zjq1AIrUAxsLBltgDlt5FltvG6s^kHWnZGIm6G4mgFrl2ErlSCrlUB5mXAKmrAWn" /><g i="6" c="390" charCode="104" p="#^4zBd%kCBd%rB3kjDnikFni2Hni8ItjfJzkfJdmfJ$m2Jzo%1I$v%NE$v%NFKoWFCnWF2nWFfmsFPl$Enl9EnllDnlwCYlIBwmfBxnPAxosAir%Pz$v%zw$v" /><g i="7" c="391" charCode="97" p="#^7IJi%oLJi%xJ$v%jG$v%vGAurFzvwEYvBDlwsClwPzlwfypuIwtsIwUpIwWnIx8mIymknAnj2CniUDni6Fni8GYibHwjTHBk^eDrtrErtkFVseGmsQGdrrH4qrHTorHinwGlmCFnl7EnlnCnl9BFmYzXnYzZpYzxrTAusOBrteDrt" /><g i="8" c="392" charCode="118" p="%^HwJiSzJiXB6qcGJiLJJi3C$vtA$v" /><g i="9" c="393" charCode="105" p="#^aAhd$AhdBBTdbCtebCifbC7gBBJg$AjhaAjhlzjhLyJg9y7g9yif9yteLyTdlzhdaAhd^XxJi%aBJi%nz$v%7w$v" /><g i="10" c="394" charCode="111" p="#^mEni7GnizHcj0J0kPJwlDK0nDKUoDK_rpIaucGlwYClw7AlwryDuLwVsLw8qLwOm1zBkjBnimEni^7Etl7Ctl3BVm$zko$z$p$zvrSApsKBjtbDjtfFjtkGXrpHyqpHMopHinuGomAFtl7Etl" /><g i="11" c="395" charCode="114" p="#^CxJi%wAJi%iAxkBBniqDniTDnilECi%9DAlNCrlCCrlFBrlVAym9AEnJz$q%4z$v%Ov$v" /><g i="12" c="396" charCode="115" p="#^EFAk%5E3nuDamQCLlaCklBBkl9BklRAAlyAPlyA7myAqmOAIm0B$mcCRn3EbpFE9qfF6rfFesfFIt1E1vQClwwAlwbzlw5yPv$wgvFvRt%Gxur1zitFAitjBitHB_s4CGs4Cfs4CVrNByrvBbrbAgqGybp6yqoixlnix8mixtkzyqjQzniyBniLCniQDYiWEwjEFAk" /><g i="13" c="397" charCode="32" p="#" /><g i="14" c="398" charCode="116" p="%^0zNdgCNdBBJiFDJigDxlcBxlNz$vxw$vZxxlmwxlKwJilyJi" /><g i="15" c="399" charCode="100" p="#^RIBd%5MBd%yJ$v%kG$v%wGAusFzvxEYvCDlwtClwQzlwgypuIwtsIwUpIwWnIx8mIymknAnj3CniUDni7Fni9GXicHvjUHAk^eDrtrErtkFVseGmsQGdrrH4qrHTorHinwGlmCFnl7EnlnCnl9BFmYzXnYzZpYzxrTAusOBrteDrt" /><g i="16" c="400" charCode="109" p="#^nyJi%DBJi%qBakbDnioFnihGni2HHiQH_ijItjOIXj7JNk2KCjhL$iwMniRNniwPniCQvjIRCkIRomIR3nAR4o%vQ$v%fN$v%bOapmOOnmOlnmOpmUNWlqNqlzMqlKLqlTK0m1KCmAJBn7JAoQIZq%8I$v%UE$v%TFNo$FUn$Fgn$FomvFUl$EnlaEnloDnlzCWlKBtmgBpnPAkozAgq%Pz$v%zw$v" /><g i="17" c="401" charCode="110" p="#^nyJi%DBJi%rB3kjDnikFni2Hni8ItjfJzkfJdmfJ$m2Jzo%1I$v%NE$v%NFKoWFCnWF2nWFfmsFPl$Enl9EnlkDnlvCYlHBwmfBxnPAxorAir%Pz$v%zw$v" /><g i="18" c="403" charCode="117" p="#^qyJi%EBJi%JAvpzADqzAbrzA3saBGsNBgtMCgt0EgtHEvsnFKrHFnp%BGJi%QJJi%TISpxIhsLHCt_GWuIFEvqElwHClweAlwOyXumxwtmxhrmxWpGxMn" /><g i="19" c="404" charCode="98" p="#^Nz$v%xw$v%2zBd%gCBd%nB9krC8jlDMifEnioFni0IniyJjk5Lfm5LQo5LNq6KAs7JmusHmvNFlw_DlwLClwJBNvHAdv1A9u^BEglqDglxCPlFBmm2BwnsAFosARpsAqrlBosfCltKDltsFltEG3sRHNqRHLoRHbnXGem1GglBEgl" /><g i="20" c="405" charCode="108" p="%^HyBdXBBdqz$vaw$v" /><g i="21" c="406" charCode="44" p="%^OxLskAfuYwEynvHx" /><g i="22" c="407" charCode="120" p="%^KwJijAJiDCvmpFJibJJilEipsI$vUE$vpCYrqz$vEv$vHA8p" /><g i="23" c="408" charCode="112" p="#^8zSA%VvSA%nyJi%ABJi%oB9krC9jlDMigEnipFni0IniyJjk5Lfm5LQo5LNq6KAs7JmusHmvOFlw$DlwNClwKBNvIAdv2A9u^CEglrDglyCPlFBmm3BwntAFotASptAqrmBosgCltKDltsFltEG3sRHNqRHLoRHbnXGem1GglCEgl" /><g i="24" c="409" charCode="99" p="#^vKsl%KHYmzGtlBEtlgDtleC2mdBCmCAHn$zLo$zYp$zurYAqsWBltCDltXFltaHMr%KJAtFITu1HCvqFlwqDlwkAlwxyEuLwWsLw6qLwVmYyEkaBniEEnizInivKsl" /><g i="25" c="410" charCode="103" p="#^gIJi%wLJi%0KntAJww7JyxpI7zIG9A0FcBsCcBkAcBLyoAaxAzowiy%ezQwwA9yzC9yMD9yDEJxvFix_FzwtGRvGGquSE$vAC$v_A$vEzdviyquwx$sLwzrLwQpLwSnLx8mMypkvAojfCni8EnihFnidGQi9Hgj2Ikk^gEslsCslcBImYzXnYzMpYzerTA7sPB0tmD0txE0twFtswGWr5HVqGHUpGHJoGHjnJGomMFslgEsl" /><g i="26" c="411" charCode="121" p="%^xwJiLzJikCCqUGJinKJiYzSAwwSAhAcu" /><g i="27" c="412" charCode="65" p="%^oF2eeI2eIM$vrJ$vuIasnBaskz$vIv$v^FH$oeG7j4D$o" /><g i="28" c="413" charCode="119" p="%^EwJiNzJiBBQpsFJiLGJiBIQpsMJiVPJiII$v7H$vjF_oyB$v$z$v" /><g i="29" c="414" charCode="107" p="%^4zBdhCBdYAjn9GJiDKJiVDFoNJ$vTF$vFAvpMz$vzw$v" /><g i="30" c="415" charCode="102" p="#^HwJi%6yJisy7gTyafizce0AKdKAfdOBfdaDfdlE2e%_DIgjD6gDC6g6C6gSBugDBSgmBJi%oDJi%1Dxl%0Bxl%yz$v%iw$v%Kxxl%kwxl" /><g i="31" c="416" charCode="47" p="%^xwczCExdZGxdUycz" /><g i="32" c="417" charCode="51" p="#^NBni%HyniYyagpAUeSBBdZDBdgFBdjGbenHNe$HTfDIYgDI6iDIhjXHokfHvlRFmmgIRngIvqgIZstGJuHEsw6CswMzsweyRuIwdtIwxq%Tzxq0AUrwAwseBmtnCmtADmthEss$Eyr$Eiq$EBpCE_oeEmoBD2oZCJnGBEn%4CQkDDQkrE7kfFqjfFlifFChNE9hkEHgEDHgWCHgqC7hWBzhNBni" /><g i="33" c="418" charCode="56" p="#^DFkmZGRmJHYnuI3puIAquIgsHHCtVGXusFIv$Dsw7CswHzsw5yXuvwqtvwirvwbq_w4ptxZngyen4zvmpA0mxzvl5zQkoyLjoyuioydh4z4gNzWe3BgemCBdTDBd4GBduHWeVIfgVI2iVIoj5IwkhHElDFkm^ODKgTCKggClhFBYhFBOiFBBj8C6kDCDkqDDkiEDkVE1kwFqjwFziwFJh2FehAEKgODKg^NCJnzBJnIADoRzxpRzUqRzYrzAGshBntnCntBDntqEwsfFFrfFpqfFgpwEvoNDJnNCJn" /><g i="34" c="419" charCode="37" p="#^TNfd%kQfd%fzdx%Nwdx%oL4gyKegIJkgTIpg2IpgUGpgzFggJFXgJFqhJFEi3FNjqEVklDxlgC8mZA8miz8mey5lax2kaxriaxfgZyLekABdNBBdjCBdRDUdyGpenIpePJpebL7ezMQdTNfd^LBLfLALf3Atgnzbhnzfinz$iTzxjoA2k8B2k5C2kNCkjuDBiuDzhuDLg$CfgwCLfLBLf^rMXn2OXn5P0p9Q4q9QJr9QYswP4uTOcvNNQvIMswpLswBJswBIkvCHcuCHHsCHwrgInqXIep3KBocLXnrMXn^9M1qbL1qvKLqPJsrPJusPJktkKRtRKmuDLmuyMmueNCtWNSsWNRrWN0rrNxqYM1q9M1q" /></glyphs></font><font id="80" name="Engravers MT Charset1_ 6V1Co0R6Gc4"><glyphs><g i="0" c="256" charCode="36" p="#^pCHv%pChoRzqnGyimvx9lvxyjvxWiIxiiVxGhky6hLyxgmz2g_zAfHAhfpBZepCLe%pCTd%QCTd%QCIepDDehEDeNEDe4FFe%4FTd%vFTd%vFGewGPe6H_eJH8fiIqfTIIfkJ4gOKdhOKEiOKojkKUjSJnk7JnkqInkYHXjuHvjuHQiuHJhLIfhhJ4hhJSghJxgAI2gqHjfvF6f%vFDleHdm0IAmdJ8n0KQnQKvocLjpAL6qAL7rALls_KntpKpujJ8vyIEvJHUvVG8wvFhw%vFty%4Fty%4Fkw%MEkwyEkwQChw%QCty%pCty%pCcwQA1wWzLv1zsvhyVu2xVt2xws2xGrzx9r5yDqYyDqJzDqcA6rHAArHAksHARsqActaAztzzVtZycuZytuZyPuMz7vTABvpCHv^4Ful%4F2f%EE2fRD2fQC9f%QCMkCD1l4Ful^pCDk%pCffbzVfbzZhbzViXzxjHA8kpCDk^4F9p%rEXo8EQoMDJooDCoQCqo%QCNvmDQvkEQv%4FQv^vFip%vFOvGGJvyHkvrIWuVIhuoJDtoJNsoJzruIMqBHYpvFip" /></glyphs></font></bwFonts>