﻿<?xml version="1.0" encoding="utf-8"?><meta xmlns:xsi="http://www.w3.org/2001/XMLSchema-instance" xmlns:xsd="http://www.w3.org/2001/XMLSchema"><project id="5VlKXcfGQzV" courseid="6hrJc7abjZO_course_id" thumburl="story_content/thumbnail.jpg" title="MESH Training 6.21.17-2 " datepublished="2017-06-22T00:37:14" version="1.0.0.0" flashdata="story_content/data.swf" html5data="mobile/data.json" mobiledata="mobile/data.gz" enabledownload="true" duration="About 18 minutes" totalaudio="115909" totalvideo="56665"><description>MESH Training</description><keywords /><slidemeta moniker="slide" monikerplural="slides" viewslides="67" slidecountdescription="67 slides" /><author name="Phoenix Rain Bird" email="" website="" /><application name="Articulate Storyline" version="3.0.10762.0" xmlversion="4.0" /></project></meta>