<?xml version="1.0" encoding="utf-8"?>
<tincan xmlns:xsi="http://www.w3.org/2001/XMLSchema-instance" xmlns:xsd="http://www.w3.org/2001/XMLSchema" xmlns="http://projecttincan.com/tincan.xsd">
	<activities>
		<activity id="http://5XIee6WN3Op_course_id" type="http://adlnet.gov/expapi/activities/course">
			<name lang="und">MESH quiz demo variables only</name>
			<description lang="und" />
			<launch lang="und">story.html</launch>
		</activity>
		<activity id="http://5XIee6WN3Op_course_id/6mz22UoEjCS" type="http://adlnet.gov/expapi/activities/objective">
			<name lang="und">MESH quiz demo variables only</name>
			<description lang="und">MESH quiz demo variables only</description>
		</activity>
		<activity id="http://5XIee6WN3Op_course_id/5UjSFEwz1wi" type="http://adlnet.gov/expapi/activities/objective">
			<name lang="und">MESH quiz demo variables only</name>
			<description lang="und">MESH quiz demo variables only</description>
		</activity>
		<activity id="http://5XIee6WN3Op_course_id/5Y6VY0stUYO" type="http://adlnet.gov/expapi/activities/objective">
			<name lang="und">MESH quiz demo variables only</name>
			<description lang="und">MESH quiz demo variables only</description>
		</activity>
		<activity id="http://5XIee6WN3Op_course_id/6lErMQnsdxa" type="http://adlnet.gov/expapi/activities/objective">
			<name lang="und">MESH quiz demo variables only</name>
			<description lang="und">MESH quiz demo variables only</description>
		</activity>
		<activity id="http://5XIee6WN3Op_course_id/5WZobbore1v" type="http://adlnet.gov/expapi/activities/module">
			<name lang="und">Untitled Slide</name>
			<description lang="und">Untitled Slide</description>
		</activity>
		<activity id="http://5XIee6WN3Op_course_id/6jsAGD9vpPi" type="http://adlnet.gov/expapi/activities/module">
			<name lang="und">Consent</name>
			<description lang="und">Consent</description>
		</activity>
		<activity id="http://5XIee6WN3Op_course_id/6jsAGD9vpPi/5tgeOdzhye5" type="http://adlnet.gov/expapi/activities/cmi.interaction">
			<name lang="und">Pick One</name>
			<description lang="und">Pick One</description>
			<interactionType>choice</interactionType>
			<correctResponsePatterns>
				<correctResponsePattern>choice_61ccab40UOg</correctResponsePattern>
			</correctResponsePatterns>
			<choices>
				<component>
					<id>choice_61ccab40UOg</id>
					<description lang="und">Yes, I Consent</description>
				</component>
				<component>
					<id>choice_6Wu3ie6KtyM</id>
					<description lang="und">No, I do not Consent</description>
				</component>
			</choices>
		</activity>
		<activity id="http://5XIee6WN3Op_course_id/5uM495VPPAQ" type="http://adlnet.gov/expapi/activities/module">
			<name lang="und">Results Slide</name>
			<description lang="und">Results Slide</description>
		</activity>
		<activity id="http://5XIee6WN3Op_course_id/6THHLdeQJsM" type="http://adlnet.gov/expapi/activities/module">
			<name lang="und">Untitled Slide</name>
			<description lang="und">Untitled Slide</description>
		</activity>
		<activity id="http://5XIee6WN3Op_course_id/6R2ZYesR2Cd" type="http://adlnet.gov/expapi/activities/module">
			<name lang="und">PreTest Results</name>
			<description lang="und">PreTest Results</description>
		</activity>
		<activity id="http://5XIee6WN3Op_course_id/6SVlN331igC" type="http://adlnet.gov/expapi/activities/module">
			<name lang="und">Untitled Slide</name>
			<description lang="und">Untitled Slide</description>
		</activity>
		<activity id="http://5XIee6WN3Op_course_id/6Up16APO1d3" type="http://adlnet.gov/expapi/activities/module">
			<name lang="und">Pick the correct answer</name>
			<description lang="und">Pick the correct answer</description>
		</activity>
		<activity id="http://5XIee6WN3Op_course_id/6Up16APO1d3/6qL4FdVorMF" type="http://adlnet.gov/expapi/activities/cmi.interaction">
			<name lang="und">Pick the correct answer</name>
			<description lang="und">Pick the correct answer</description>
			<interactionType>choice</interactionType>
			<correctResponsePatterns>
				<correctResponsePattern>choice_5Vp3LvIhl3i</correctResponsePattern>
			</correctResponsePatterns>
			<choices>
				<component>
					<id>choice_5UlMgQEUmTb</id>
					<description lang="und">Don’t do it!</description>
				</component>
				<component>
					<id>choice_6Hexk62LWY7</id>
					<description lang="und">No no!!</description>
				</component>
				<component>
					<id>choice_5Vp3LvIhl3i</id>
					<description lang="und">Whew, this is it</description>
				</component>
			</choices>
		</activity>
		<activity id="http://5XIee6WN3Op_course_id/6qsHQHXeN7v" type="http://adlnet.gov/expapi/activities/module">
			<name lang="und">Untitled Slide</name>
			<description lang="und">Untitled Slide</description>
		</activity>
		<activity id="http://5XIee6WN3Op_course_id/5mx3bCLXRVg" type="http://adlnet.gov/expapi/activities/module">
			<name lang="und">Find the right word</name>
			<description lang="und">Find the right word</description>
		</activity>
		<activity id="http://5XIee6WN3Op_course_id/5mx3bCLXRVg/6aPBApx9q1E" type="http://adlnet.gov/expapi/activities/cmi.interaction">
			<name lang="und">Find the right word</name>
			<description lang="und">Find the right word</description>
			<interactionType>choice</interactionType>
			<correctResponsePatterns>
				<correctResponsePattern>choice_66PBvpkDXZt</correctResponsePattern>
			</correctResponsePatterns>
			<choices>
				<component>
					<id>choice_66PBvpkDXZt</id>
					<description lang="und">here it is</description>
				</component>
				<component>
					<id>choice_5XiahG055aj</id>
					<description lang="und">not this one</description>
				</component>
				<component>
					<id>choice_6cXMZD0hrWC</id>
					<description lang="und">nope nope nope</description>
				</component>
			</choices>
		</activity>
		<activity id="http://5XIee6WN3Op_course_id/6ViyxvEkCQF" type="http://adlnet.gov/expapi/activities/module">
			<name lang="und">Untitled Slide</name>
			<description lang="und">Untitled Slide</description>
		</activity>
		<activity id="http://5XIee6WN3Op_course_id/5tkHhckGiZz" type="http://adlnet.gov/expapi/activities/module">
			<name lang="und">Consent</name>
			<description lang="und">Consent</description>
		</activity>
		<activity id="http://5XIee6WN3Op_course_id/5tkHhckGiZz/5lifWTRTrPj" type="http://adlnet.gov/expapi/activities/cmi.interaction">
			<name lang="und">Consent</name>
			<description lang="und">Consent</description>
			<interactionType>numeric</interactionType>
		</activity>
		<activity id="http://5XIee6WN3Op_course_id/6g20FXdMFW1" type="http://adlnet.gov/expapi/activities/module">
			<name lang="und">PreTest</name>
			<description lang="und">PreTest</description>
		</activity>
		<activity id="http://5XIee6WN3Op_course_id/6g20FXdMFW1/5r2IaA4ZRjb" type="http://adlnet.gov/expapi/activities/cmi.interaction">
			<name lang="und">PreTest</name>
			<description lang="und">PreTest</description>
			<interactionType>numeric</interactionType>
		</activity>
		<activity id="http://5XIee6WN3Op_course_id/5mxdSNS41t7" type="http://adlnet.gov/expapi/activities/module">
			<name lang="und">PostTest</name>
			<description lang="und">PostTest</description>
		</activity>
		<activity id="http://5XIee6WN3Op_course_id/5mxdSNS41t7/6ZUtC0rwE2x" type="http://adlnet.gov/expapi/activities/cmi.interaction">
			<name lang="und">PostTest</name>
			<description lang="und">PostTest</description>
			<interactionType>numeric</interactionType>
		</activity>
		<activity id="http://5XIee6WN3Op_course_id/6Y7gFau31dX" type="http://adlnet.gov/expapi/activities/module">
			<name lang="und">Knowledge Check1Count</name>
			<description lang="und">Knowledge Check1Count</description>
		</activity>
		<activity id="http://5XIee6WN3Op_course_id/6Y7gFau31dX/5oZIKtl0bne" type="http://adlnet.gov/expapi/activities/cmi.interaction">
			<name lang="und">Knowledge Check1</name>
			<description lang="und">Knowledge Check1</description>
			<interactionType>numeric</interactionType>
		</activity>
		<activity id="http://5XIee6WN3Op_course_id/6LBilA4LVfI" type="http://adlnet.gov/expapi/activities/module">
			<name lang="und">KnowledgeCheck2Count</name>
			<description lang="und">KnowledgeCheck2Count</description>
		</activity>
		<activity id="http://5XIee6WN3Op_course_id/6LBilA4LVfI/6cRMuh3LhiK" type="http://adlnet.gov/expapi/activities/cmi.interaction">
			<name lang="und">Knowledge Check2</name>
			<description lang="und">Knowledge Check2</description>
			<interactionType>numeric</interactionType>
		</activity>
		<activity id="http://5XIee6WN3Op_course_id/6aZWRJbauwt" type="http://adlnet.gov/expapi/activities/module">
			<name lang="und">Results Slide</name>
			<description lang="und">Results Slide</description>
		</activity>
		<activity id="http://5XIee6WN3Op_course_id/6m8VY1w9gMC" type="http://adlnet.gov/expapi/activities/module">
			<name lang="und">Results Slide</name>
			<description lang="und">Results Slide</description>
		</activity>
		<activity id="http://5XIee6WN3Op_course_id/6U2V1P6ssVj" type="http://adlnet.gov/expapi/activities/module">
			<name lang="und">The correct answer is True</name>
			<description lang="und">The correct answer is True</description>
		</activity>
		<activity id="http://5XIee6WN3Op_course_id/6U2V1P6ssVj/5zlIeyvG9FT" type="http://adlnet.gov/expapi/activities/cmi.interaction">
			<name lang="und">The correct answer is True</name>
			<description lang="und">The correct answer is True</description>
			<interactionType>choice</interactionType>
			<correctResponsePatterns>
				<correctResponsePattern>choice_5s6Phl6ZKp0</correctResponsePattern>
			</correctResponsePatterns>
			<choices>
				<component>
					<id>choice_5s6Phl6ZKp0</id>
					<description lang="und">True</description>
				</component>
				<component>
					<id>choice_5YttQ5NeMzo</id>
					<description lang="und">False</description>
				</component>
			</choices>
		</activity>
		<activity id="http://5XIee6WN3Op_course_id/5esOC5DibgC" type="http://adlnet.gov/expapi/activities/module">
			<name lang="und">Guess which one is correct</name>
			<description lang="und">Guess which one is correct</description>
		</activity>
		<activity id="http://5XIee6WN3Op_course_id/5esOC5DibgC/6f3JZTmSkHY" type="http://adlnet.gov/expapi/activities/cmi.interaction">
			<name lang="und">Guess which one is correct</name>
			<description lang="und">Guess which one is correct</description>
			<interactionType>choice</interactionType>
			<correctResponsePatterns>
				<correctResponsePattern>choice_6flUsVscvqB</correctResponsePattern>
			</correctResponsePatterns>
			<choices>
				<component>
					<id>choice_6RJlTYukOZd</id>
					<description lang="und">Not this one</description>
				</component>
				<component>
					<id>choice_6flUsVscvqB</id>
					<description lang="und">Here it is</description>
				</component>
				<component>
					<id>choice_6a5FwC0Qjjn</id>
					<description lang="und">Nooope</description>
				</component>
			</choices>
		</activity>
	</activities>
</tincan>